"Choice1_1","Choice1_2","Choice1_3","Choice1_4","Choice1_5","Choice1_6","Choice1_7","Choice1_8","Choice1_9","Choice1_10","Choice1_11","Choice1_12","Neptun","gender","mothereduc","math","socialrank_1","trust","risk","timepref_control","Patience_days","Choice2_1","Choice2_2","Choice2_3","Choice2_4","Choice2_5","Choice2_6","Choice2_7","Choice2_8","Choice2_9","Choice2_10","Choice2_11","Choice2_12","Neptun_q2","Neptun_q3","Choice3_1","Choice3_2","Choice3_3","Choice3_4","Choice3_5","Choice3_6","Choice3_7","Choice3_8","Choice3_9","Choice3_10","Choice3_11","Choice3_12","Treatment","diff1","diff2","diff3","diff4","diff5","diff6","diff7","diff8","diff9","diff10","diff11","diff12","rememb1","rememb2","rememb3","rememb4","rememb5","rememb6","rememb7","rememb8","rememb9","rememb10","rememb11","rememb12"
1,2,2,2,2,2,2,2,2,2,2,2,"B45511","Male","PhD",4,7,2,4,3,"30",1,2,2,2,2,2,2,2,2,2,2,2,"B45511","B45511",1,2,2,2,2,2,2,2,2,2,2,2,1,0,0,0,0,0,0,0,0,0,0,0,0,1,1,1,1,1,1,1,1,1,1,1,1
2,2,1,1,2,2,2,2,1,1,1,1,"AY6914","Male","MA",3,7,2,5,5,"6",1,1,1,1,1,1,1,1,2,2,2,2,"AY6914","AY6914",1,1,1,1,1,1,1,2,2,2,2,2,1,1,1,0,0,1,1,1,1,-1,-1,-1,-1,1,1,1,1,1,1,1,0,1,1,1,1
1,1,1,1,1,1,1,1,1,1,1,2,"GA7286","Male","MA",4,8,4,5,4,"21",1,1,1,1,1,1,1,1,1,2,2,2,"GA7286","GA7286",1,1,1,1,1,1,1,1,1,2,2,2,1,0,0,0,0,0,0,0,0,0,-1,-1,0,1,1,1,1,1,1,1,1,1,1,1,1
1,2,2,2,2,2,2,2,2,2,2,2,"WJQ813","Male","MA",2,7,2,3,4,"30",1,1,1,1,1,1,1,1,1,1,1,1,"WJQ813","WJQ813",1,1,1,1,2,2,2,2,2,2,2,2,0,0,1,1,1,1,1,1,1,1,1,1,1,1,0,0,0,1,1,1,1,1,1,1,1
1,1,1,1,1,1,1,1,1,1,1,2,"BJA339","Male","High School Graduation",3,6,2,4,5,"60",NA,NA,NA,NA,NA,NA,NA,NA,NA,NA,NA,NA,NA,NA,NA,NA,NA,NA,NA,NA,NA,NA,NA,NA,NA,NA,NA,NA,NA,NA,NA,NA,NA,NA,NA,NA,NA,NA,NA,0,0,0,0,0,0,0,0,0,0,0,0
1,1,1,1,1,1,1,1,1,2,2,2,"C3U811","Male","MA",2,7,2,3,3,"35",1,1,1,1,1,1,1,1,1,1,1,1,"C3U811",NA,NA,NA,NA,NA,NA,NA,NA,NA,NA,NA,NA,NA,NA,0,0,0,0,0,0,0,0,0,1,1,1,0,0,0,0,0,0,0,0,0,0,0,0
1,1,1,1,2,2,2,2,2,2,2,2,"OEC050","Male","PhD",4,8,3,3,4,"40",1,1,1,1,1,1,1,1,1,2,2,2,"OEC050","OEC050",1,1,1,1,1,1,1,2,2,2,2,2,1,0,0,0,0,1,1,1,1,1,0,0,0,1,1,1,1,1,1,1,0,0,1,1,1
1,1,1,1,1,1,1,1,2,2,2,2,"ZAJ403","Male","Vocational School",3,8,2,2,4,"35",1,1,1,1,1,1,1,1,1,2,2,2,"ZAJ403","ZAJ403",1,1,1,1,1,1,1,1,2,2,2,2,0,0,0,0,0,0,0,0,0,1,0,0,0,1,1,1,1,1,1,1,1,1,1,1,1
1,2,2,2,2,2,2,2,2,2,2,2,"PPA087","Male","BSC",3,7,3,4,5,"365",1,1,1,1,1,1,1,1,1,2,2,2,"PPA087","PPA087",1,1,1,1,2,2,2,2,2,2,2,2,1,0,1,1,1,1,1,1,1,1,0,0,0,1,1,1,1,0,0,0,0,0,1,1,1
1,1,1,1,1,1,1,1,1,1,2,2,"CV7259","Female","BSC",5,5,2,3,4,"3 hét",1,1,1,2,2,2,2,2,2,2,2,2,"CV7259",NA,NA,NA,NA,NA,NA,NA,NA,NA,NA,NA,NA,NA,NA,0,0,0,-1,-1,-1,-1,-1,-1,-1,0,0,0,0,0,0,0,0,0,0,0,0,0,0
1,1,1,1,2,2,2,2,2,2,2,2,"AYY374","Female","High School Graduation",3,7,1,3,4,"30",1,2,2,2,2,2,2,2,2,2,2,2,"AYY374",NA,NA,NA,NA,NA,NA,NA,NA,NA,NA,NA,NA,NA,NA,0,-1,-1,-1,0,0,0,0,0,0,0,0,0,0,0,0,0,0,0,0,0,0,0,0
1,1,1,1,1,2,2,2,2,2,2,2,"ZM8776","Female","BSC",2,8,2,3,4,"30",NA,NA,NA,NA,NA,NA,NA,NA,NA,NA,NA,NA,NA,NA,NA,NA,NA,NA,NA,NA,NA,NA,NA,NA,NA,NA,NA,NA,NA,NA,NA,NA,NA,NA,NA,NA,NA,NA,NA,0,0,0,0,0,0,0,0,0,0,0,0
1,1,1,1,1,1,1,2,2,2,2,2,NA,"Male","BSC",2,8,4,5,5,"150",1,1,1,1,1,1,1,1,1,1,1,1,NA,NA,1,1,1,1,1,2,2,2,2,2,2,2,1,0,0,0,0,0,0,0,1,1,1,1,1,1,1,1,1,1,0,0,0,0,0,0,0
1,2,2,2,2,2,2,2,2,2,2,2,"SMW427","Female","BSC",2,7,2,5,5,"10",1,1,1,2,2,2,2,2,2,2,2,2,"SMW427","SMW427",1,1,2,2,2,2,2,2,2,2,2,2,1,0,1,1,0,0,0,0,0,0,0,0,0,1,1,0,1,1,1,1,1,1,1,1,1
1,1,1,1,1,2,2,2,2,2,2,2,"WKL836","Female","MA",4,6,3,4,5,"14",1,1,1,1,1,1,2,2,2,2,2,2,"WKL836",NA,NA,NA,NA,NA,NA,NA,NA,NA,NA,NA,NA,NA,NA,0,0,0,0,0,1,0,0,0,0,0,0,0,0,0,0,0,0,0,0,0,0,0,0
1,1,1,1,1,2,2,2,2,2,2,2,"SK9 18","Male","MA",5,7,3,2,1,"31",1,1,1,1,1,2,2,2,2,2,2,2,"SK9 18",NA,NA,NA,NA,NA,NA,NA,NA,NA,NA,NA,NA,NA,NA,0,0,0,0,0,0,0,0,0,0,0,0,0,0,0,0,0,0,0,0,0,0,0,0
1,2,2,2,2,2,2,2,2,2,2,2,"IQA042","Male","MA",5,9,3,4,5,"30",1,2,2,2,2,2,2,2,2,2,2,2,"IQA042",NA,NA,NA,NA,NA,NA,NA,NA,NA,NA,NA,NA,NA,NA,0,0,0,0,0,0,0,0,0,0,0,0,0,0,0,0,0,0,0,0,0,0,0,0
1,1,2,2,2,2,2,2,2,2,2,2,"XFK179","Female","BSC",2,7,2,2,3,"45",1,1,2,2,2,2,2,2,2,2,2,2,"XFK179",NA,NA,NA,NA,NA,NA,NA,NA,NA,NA,NA,NA,NA,NA,0,0,0,0,0,0,0,0,0,0,0,0,0,0,0,0,0,0,0,0,0,0,0,0
1,1,1,1,1,1,1,1,1,1,1,2,"REN334","Male","MA",5,8,2,4,2,"3 napot.",1,1,1,1,1,1,1,1,1,2,2,2,"REN334","REN334",1,1,1,1,1,1,1,1,1,1,2,2,0,0,0,0,0,0,0,0,0,0,-1,-1,0,1,1,1,1,1,1,1,1,1,1,0,1
1,2,2,2,2,2,2,2,2,2,2,2,"N8J989","Female","BSC",5,8,3,4,2,"60",1,2,2,2,2,2,2,2,2,2,2,2,"N8J989",NA,NA,NA,NA,NA,NA,NA,NA,NA,NA,NA,NA,NA,NA,0,0,0,0,0,0,0,0,0,0,0,0,0,0,0,0,0,0,0,0,0,0,0,0
1,1,1,1,1,2,2,2,2,2,2,2,"UH6104","Female","MA",5,8,3,2,2,"3 hét",1,1,1,1,1,2,2,2,2,2,2,2,"UH6104","UH6104",1,1,1,1,1,2,2,2,2,2,2,2,0,0,0,0,0,0,0,0,0,0,0,0,0,1,1,1,1,1,1,1,1,1,1,1,1
1,2,2,2,2,2,2,2,2,2,2,2,"L45760","Male","MA",2,8,3,3,2,"2 hónap",2,2,2,2,2,2,2,2,2,2,2,2,"L45760","L45760",2,2,2,2,2,2,2,2,2,2,2,2,1,-1,0,0,0,0,0,0,0,0,0,0,0,1,1,1,1,1,1,1,1,1,1,1,1
1,2,2,2,2,2,2,2,2,2,2,2,"K0V788","Female","MA",3,6,2,3,5,"365",1,1,1,1,2,2,2,2,2,2,2,2,"K0V788",NA,NA,NA,NA,NA,NA,NA,NA,NA,NA,NA,NA,NA,NA,0,1,1,1,0,0,0,0,0,0,0,0,0,0,0,0,0,0,0,0,0,0,0,0
1,1,1,1,1,1,2,2,2,2,2,2,"I3Q353","Female","BSC",5,6,2,4,3,"3 hónap",1,1,1,1,2,2,2,2,2,2,2,2,"I3Q353","I3Q353",1,1,1,1,1,2,2,2,2,2,2,2,1,0,0,0,0,-1,-1,0,0,0,0,0,0,1,1,1,1,0,1,1,1,1,1,1,1
1,1,1,2,2,2,2,2,2,2,2,2,"BV8807","Female","BSC",5,6,2,4,4,"60",1,1,2,2,2,2,2,2,2,2,2,2,"BV8807",NA,NA,NA,NA,NA,NA,NA,NA,NA,NA,NA,NA,NA,NA,0,0,-1,0,0,0,0,0,0,0,0,0,0,0,0,0,0,0,0,0,0,0,0,0
1,1,1,1,2,2,2,2,2,2,2,2,"GDN950","Female","High School Graduation",5,6,3,2,5,"50",1,1,1,2,2,2,2,2,2,2,2,2,"GDN950","GDN950",1,1,1,1,2,2,2,2,2,2,2,2,1,0,0,0,-1,0,0,0,0,0,0,0,0,1,1,1,0,1,1,1,1,1,1,1,1
1,2,2,2,2,2,2,2,2,2,2,2,"K8K700","Male","High School Graduation",5,7,3,3,4,"60",1,2,2,2,2,2,2,2,2,2,2,2,"K8K700",NA,NA,NA,NA,NA,NA,NA,NA,NA,NA,NA,NA,NA,NA,0,0,0,0,0,0,0,0,0,0,0,0,0,0,0,0,0,0,0,0,0,0,0,0
1,1,1,1,1,2,2,2,2,2,2,2,"ETK161","Female","MA",2,7,3,2,4,"35",1,1,1,1,1,1,1,1,1,2,2,2,"ETK161",NA,NA,NA,NA,NA,NA,NA,NA,NA,NA,NA,NA,NA,NA,0,0,0,0,0,1,1,1,1,0,0,0,0,0,0,0,0,0,0,0,0,0,0,0
1,1,1,1,1,2,2,2,2,2,2,2,"F3P253","Female","BSC",4,8,3,4,3,"4 hetet",NA,NA,NA,NA,NA,NA,NA,NA,NA,NA,NA,NA,NA,NA,NA,NA,NA,NA,NA,NA,NA,NA,NA,NA,NA,NA,NA,NA,NA,NA,NA,NA,NA,NA,NA,NA,NA,NA,NA,0,0,0,0,0,0,0,0,0,0,0,0
1,2,2,2,2,2,2,2,2,2,2,2,"BQY110","Female","MA",3,10,3,3,3,"40",1,1,1,1,1,2,2,2,2,2,2,2,"BQY110",NA,NA,NA,NA,NA,NA,NA,NA,NA,NA,NA,NA,NA,NA,0,1,1,1,1,0,0,0,0,0,0,0,0,0,0,0,0,0,0,0,0,0,0,0
1,1,1,1,1,1,1,1,1,1,1,1,"TXL592","Female","Vocational School",3,6,3,2,4,"30",1,1,1,1,1,1,1,1,1,1,1,1,"TXL592","TXL592",1,1,1,1,1,1,1,1,1,1,1,1,0,0,0,0,0,0,0,0,0,0,0,0,0,1,1,1,1,1,1,1,1,1,1,1,1
1,1,1,1,1,1,1,1,1,2,2,2,"NHZ069","Male","MA",2,7,2,3,3,"31",1,1,1,1,1,2,2,1,2,2,2,2,"NHZ069",NA,NA,NA,NA,NA,NA,NA,NA,NA,NA,NA,NA,NA,NA,0,0,0,0,0,-1,-1,0,-1,0,0,0,0,0,0,0,0,0,0,0,0,0,0,0
1,2,2,2,2,2,2,2,2,2,2,2,"GOA407","Female","MA",2,9,2,3,4,"30",1,1,1,1,1,1,1,1,1,2,2,2,"GOA407",NA,NA,NA,NA,NA,NA,NA,NA,NA,NA,NA,NA,NA,NA,0,1,1,1,1,1,1,1,1,0,0,0,0,0,0,0,0,0,0,0,0,0,0,0
1,1,1,1,1,1,1,1,1,2,2,2,"F2S470","Female","MA",3,8,1,3,4,"14",1,1,1,1,1,2,2,2,2,2,2,2,"F2S470","F2S470",1,1,1,1,1,1,1,1,1,2,2,2,0,0,0,0,0,0,-1,-1,-1,-1,0,0,0,1,1,1,1,1,1,1,1,1,1,1,1
1,1,2,2,2,2,1,1,2,2,2,2,"BGZ263","Male","MA",3,9,2,3,3,"5",1,1,1,1,1,1,1,1,2,2,2,2,"BGZ263",NA,NA,NA,NA,NA,NA,NA,NA,NA,NA,NA,NA,NA,NA,0,0,1,1,1,1,0,0,0,0,0,0,0,0,0,0,0,0,0,0,0,0,0,0
1,2,2,2,2,2,2,2,2,2,2,2,"MLU773","Male","MA",4,10,4,4,3,"100",1,1,1,2,2,2,2,2,2,2,2,2,"MLU773",NA,NA,NA,NA,NA,NA,NA,NA,NA,NA,NA,NA,NA,NA,0,1,1,0,0,0,0,0,0,0,0,0,0,0,0,0,0,0,0,0,0,0,0,0
1,1,1,1,1,1,2,2,2,2,2,2,"C9S039","Male","MA",3,4,2,3,1,"14",1,1,1,1,1,1,1,1,1,1,2,2,"C9S039","C9S039",1,1,1,1,1,1,1,1,1,2,2,2,1,0,0,0,0,0,0,1,1,1,1,0,0,1,1,1,1,1,1,1,1,1,0,1,1
1,1,1,1,1,1,1,1,2,2,2,2,"JPE349","Female","MA",5,8,4,3,2,"14",1,1,1,1,2,2,2,2,2,2,2,2,"JPE349",NA,NA,NA,NA,NA,NA,NA,NA,NA,NA,NA,NA,NA,NA,0,0,0,0,-1,-1,-1,-1,0,0,0,0,0,0,0,0,0,0,0,0,0,0,0,0
1,2,2,2,2,2,2,2,2,2,2,2,"ID7156","Male","BSC",4,7,3,3,4,"30",1,2,2,2,2,2,2,2,2,2,2,2,"ID7156","ID7156",1,2,2,2,2,2,2,2,2,2,2,2,1,0,0,0,0,0,0,0,0,0,0,0,0,1,1,1,1,1,1,1,1,1,1,1,1
1,1,1,1,1,2,2,2,2,2,2,2,"PJ4232","Female","BSC",3,7,2,3,4,"20",1,1,1,1,2,2,2,2,2,2,2,2,"PJ4232","PJ4232",1,1,2,2,2,2,2,2,2,2,2,2,0,0,0,0,0,-1,0,0,0,0,0,0,0,1,1,0,0,0,1,1,1,1,1,1,1
1,1,2,2,2,2,2,2,2,2,2,2,"H1H486","Male","MA",4,8,4,3,5,"100",1,1,2,2,2,2,2,2,2,2,2,2,"H1H486",NA,NA,NA,NA,NA,NA,NA,NA,NA,NA,NA,NA,NA,NA,0,0,0,0,0,0,0,0,0,0,0,0,0,0,0,0,0,0,0,0,0,0,0,0
1,1,1,2,2,2,2,2,2,2,2,2,"ZM9467","Male","BSC",5,7,2,3,4,"45",NA,NA,NA,NA,NA,NA,NA,NA,NA,NA,NA,NA,NA,"ZM9467",1,1,1,2,2,2,2,2,2,2,2,2,1,NA,NA,NA,NA,NA,NA,NA,NA,NA,NA,NA,NA,0,0,0,0,0,0,0,0,0,0,0,0
1,1,2,2,2,2,2,2,2,2,2,2,"FFK668","Female","Vocational School",3,5,3,4,5,"30",1,1,2,2,2,2,2,2,2,2,2,2,"FFK668","FFK668",1,1,2,2,2,2,2,2,2,2,2,2,1,0,0,0,0,0,0,0,0,0,0,0,0,1,1,1,1,1,1,1,1,1,1,1,1
2,2,2,2,2,2,2,2,2,2,2,2,"QM0016","Female","MA",5,6,3,4,3,"365",1,2,2,2,2,2,2,2,2,2,2,2,"QM0016","QM0016",1,2,2,2,2,2,2,2,2,2,2,2,0,1,0,0,0,0,0,0,0,0,0,0,0,0,1,1,1,1,1,1,1,1,1,1,1
1,1,1,1,1,1,1,1,1,2,2,2,"TEL920","Male","MA",4,7,2,3,4,"28",1,1,1,1,1,1,1,2,2,2,2,2,"TEL920",NA,NA,NA,NA,NA,NA,NA,NA,NA,NA,NA,NA,NA,NA,0,0,0,0,0,0,0,-1,-1,0,0,0,0,0,0,0,0,0,0,0,0,0,0,0
1,2,2,2,2,2,2,2,2,2,2,2,"CHG729","Male","MA",5,8,3,4,4,"189",1,2,2,2,2,2,2,2,2,2,2,2,"CHG729",NA,NA,NA,NA,NA,NA,NA,NA,NA,NA,NA,NA,NA,NA,0,0,0,0,0,0,0,0,0,0,0,0,0,0,0,0,0,0,0,0,0,0,0,0
1,1,2,2,2,2,2,2,2,2,2,2,"ZPT200","Male","High School Graduation",3,7,2,4,5,"30",1,1,1,2,2,2,2,2,2,2,2,2,"ZPT200","ZPTY20",1,1,1,2,2,2,2,2,2,2,2,2,1,0,0,1,0,0,0,0,0,0,0,0,0,1,1,1,1,1,1,1,1,1,1,1,1
1,1,1,1,1,1,1,1,1,2,2,2,"IP7178","Male","BSC",5,5,2,3,4,"60",1,1,1,1,1,1,1,1,1,2,2,2,"IP7178","IP7178",1,1,1,1,1,1,1,1,1,2,2,2,0,0,0,0,0,0,0,0,0,0,0,0,0,1,1,1,1,1,1,1,1,1,1,1,1
1,1,1,1,1,1,1,1,1,1,1,1,"FI8404","Male","BSC",3,7,2,4,4,"10",1,1,1,1,1,1,1,1,1,2,2,2,"FI8404","FI8404",1,1,1,1,1,1,1,1,1,2,2,2,1,0,0,0,0,0,0,0,0,0,-1,-1,-1,1,1,1,1,1,1,1,1,1,1,1,1
1,1,1,1,2,2,2,2,2,2,2,2,"DCG026","Male","MA",3,7,3,4,4,"300",1,1,1,1,2,2,2,2,2,2,2,2,"DCG026",NA,NA,NA,NA,NA,NA,NA,NA,NA,NA,NA,NA,NA,NA,0,0,0,0,0,0,0,0,0,0,0,0,0,0,0,0,0,0,0,0,0,0,0,0
1,1,1,1,1,2,2,2,2,2,2,2,"IG2067","Male","MA",5,7,1,3,4,"30",1,2,2,2,2,2,2,2,2,2,2,2,"IG2067",NA,NA,NA,NA,NA,NA,NA,NA,NA,NA,NA,NA,NA,NA,0,-1,-1,-1,-1,0,0,0,0,0,0,0,0,0,0,0,0,0,0,0,0,0,0,0
1,2,2,2,2,2,2,2,2,2,2,2,"YA8237","Male","MA",5,10,3,2,4,"150",1,1,1,2,2,2,2,2,2,2,2,2,"YA8237","YA8237",1,1,1,2,2,2,2,2,2,2,2,2,1,0,1,1,0,0,0,0,0,0,0,0,0,1,1,1,1,1,1,1,1,1,1,1,1
1,1,1,1,1,1,2,2,2,2,2,2,"K0Q539","Female","High School Graduation",2,7,3,3,4,"5 hét",1,1,1,1,1,1,1,1,1,1,1,1,"K0Q539","K0Q539",1,1,1,1,1,1,1,1,1,1,1,1,0,0,0,0,0,0,0,1,1,1,1,1,1,1,1,1,1,1,1,0,0,0,0,0,0
1,2,2,2,2,2,2,2,2,2,2,2,"QHE690","Male","MA",5,8,3,2,4,"60",1,2,2,2,2,2,2,2,2,2,2,2,"QHE690","QHE690",1,2,2,2,2,2,2,2,2,2,2,2,1,0,0,0,0,0,0,0,0,0,0,0,0,1,1,1,1,1,1,1,1,1,1,1,1
1,1,1,1,1,1,1,1,1,1,1,2,"GYY448","Male","MA",3,6,2,3,2,"31",1,1,1,1,1,1,1,1,1,1,1,1,"GYY448","GYY448",1,1,1,1,1,1,1,1,1,1,2,2,1,0,0,0,0,0,0,0,0,0,0,0,1,1,1,1,1,1,1,1,1,1,1,0,0
2,2,2,1,1,1,1,1,2,2,2,2,"MQV035","Female","BSC",3,7,2,3,4,"20",1,1,1,1,2,2,2,2,2,2,2,2,"MQV035","MQV035",2,1,1,1,1,1,1,2,2,2,2,2,0,1,1,1,0,-1,-1,-1,-1,0,0,0,0,1,0,0,1,1,1,1,0,1,1,1,1
1,1,1,1,1,1,2,2,2,2,2,2,"MAM733","Female","High School Graduation",5,6,3,3,3,"30",1,1,1,1,2,2,2,2,2,2,2,2,"MAM733","MAM733",1,1,1,2,2,2,2,2,2,2,2,2,1,0,0,0,0,-1,-1,0,0,0,0,0,0,1,1,1,0,1,1,1,1,1,1,1,1
1,2,2,2,2,2,2,2,2,2,2,2,"JIS573","Male","BSC",5,4,3,5,5,"365",1,2,2,2,2,2,2,2,2,2,2,2,"JIS573","JIS573",1,2,2,2,2,2,2,2,2,2,2,2,0,0,0,0,0,0,0,0,0,0,0,0,0,1,1,1,1,1,1,1,1,1,1,1,1
1,1,1,1,1,1,1,1,2,2,2,2,"APJ974","Male","Vocational School",5,7,2,3,4,"31",1,1,1,1,1,2,2,2,2,2,2,2,"APJ974","APJ974",1,1,1,1,2,2,2,2,2,2,2,2,1,0,0,0,0,0,-1,-1,-1,0,0,0,0,1,1,1,1,0,1,1,1,1,1,1,1
1,1,1,1,1,1,1,1,2,2,2,2,"IDA993","Female","High School Graduation",4,6,3,4,4,"19",1,1,1,1,1,1,1,2,2,2,2,2,"IDA993",NA,NA,NA,NA,NA,NA,NA,NA,NA,NA,NA,NA,NA,NA,0,0,0,0,0,0,0,-1,0,0,0,0,0,0,0,0,0,0,0,0,0,0,0,0
2,2,2,2,2,2,1,2,2,2,2,2,"HPZ778","Male","BSC",4,7,2,4,5,"100",2,2,2,2,2,2,2,2,2,2,2,2,"HPZ778","HPZ778",2,2,2,2,2,2,2,2,2,2,2,2,1,0,0,0,0,0,0,-1,0,0,0,0,0,1,1,1,1,1,1,1,1,1,1,1,1
1,2,2,2,2,2,2,2,2,2,2,2,"OK7158","Female","Vocational School",5,4,3,4,4,"25",1,2,2,2,2,2,2,2,2,2,2,2,"OK7158",NA,NA,NA,NA,NA,NA,NA,NA,NA,NA,NA,NA,NA,NA,0,0,0,0,0,0,0,0,0,0,0,0,0,0,0,0,0,0,0,0,0,0,0,0
2,1,1,1,1,2,2,2,2,2,2,2,"EJK810","Female","MA",4,8,4,4,3,"20",1,1,1,1,1,2,2,2,2,2,2,2,"EJK810",NA,NA,NA,NA,NA,NA,NA,NA,NA,NA,NA,NA,NA,NA,1,0,0,0,0,0,0,0,0,0,0,0,0,0,0,0,0,0,0,0,0,0,0,0
1,1,1,1,1,2,2,2,2,2,2,2,"RQH301","Male","BSC",5,6,2,3,3,"30",1,1,1,1,1,1,1,1,2,2,2,2,"RQH301","RQH301",1,1,1,1,1,1,1,2,2,2,2,2,1,0,0,0,0,0,1,1,1,0,0,0,0,1,1,1,1,1,1,1,0,1,1,1,1
1,1,1,1,1,1,1,1,1,2,2,2,"CDR874","Male","High School Graduation",5,6,2,3,3,"20",1,1,1,1,1,1,1,1,1,2,2,2,"CDR874","CDR874",1,1,1,1,1,1,1,1,2,2,2,2,0,0,0,0,0,0,0,0,0,0,0,0,0,1,1,1,1,1,1,1,1,0,1,1,1
1,1,1,1,1,2,2,2,2,2,2,2,"VVQ115","Male","BSC",5,8,3,3,5,"300",1,1,1,1,1,1,2,2,2,2,2,2,"VVQ115","VVQ115",1,1,1,1,1,1,2,2,2,2,2,2,1,0,0,0,0,0,1,0,0,0,0,0,0,1,1,1,1,1,1,1,1,1,1,1,1
1,1,1,1,1,1,1,1,1,2,2,2,"BAZ017","Female","MA",5,8,3,2,4,"45",1,1,1,1,1,1,1,1,1,2,2,2,"BAZ017","BAZ017",1,1,1,1,1,1,1,1,2,2,2,2,1,0,0,0,0,0,0,0,0,0,0,0,0,1,1,1,1,1,1,1,1,0,1,1,1
1,2,1,1,1,1,1,2,2,2,2,2,"VXM938","Female","High School Graduation",5,6,3,4,3,"30",1,1,1,1,1,2,2,2,2,2,2,2,"VXM938","VXM938",1,1,1,1,2,2,2,2,2,2,2,2,0,0,1,0,0,0,-1,-1,0,0,0,0,0,1,0,1,1,0,0,0,1,1,1,1,1
1,1,1,1,1,2,2,2,2,2,2,2,"EHS868","Female","BSC",5,7,2,3,3,"60",1,1,1,1,1,2,2,2,2,2,2,2,"EHS868","EHS868",1,1,1,1,1,2,2,2,2,2,2,2,0,0,0,0,0,0,0,0,0,0,0,0,0,1,1,1,1,1,1,1,1,1,1,1,1
1,2,2,2,2,2,2,2,2,2,2,2,"SG3508","Female","BSC",4,6,3,3,4,"60",NA,NA,NA,NA,NA,NA,NA,NA,NA,NA,NA,NA,NA,NA,NA,NA,NA,NA,NA,NA,NA,NA,NA,NA,NA,NA,NA,NA,NA,NA,NA,NA,NA,NA,NA,NA,NA,NA,NA,0,0,0,0,0,0,0,0,0,0,0,0
1,2,2,2,2,2,2,2,2,2,2,2,"HSD560","Female","MA",4,9,3,3,4,"365",1,1,1,1,1,2,2,2,2,2,2,2,"HSD560","HSD560",1,2,2,2,2,2,2,2,2,2,2,2,1,0,1,1,1,1,0,0,0,0,0,0,0,1,0,0,0,0,1,1,1,1,1,1,1
1,1,1,1,1,2,2,2,2,2,2,2,"M61004","Male","PhD",3,6,3,2,4,"35",NA,NA,NA,NA,NA,NA,NA,NA,NA,NA,NA,NA,NA,NA,NA,NA,NA,NA,NA,NA,NA,NA,NA,NA,NA,NA,NA,NA,NA,NA,NA,NA,NA,NA,NA,NA,NA,NA,NA,0,0,0,0,0,0,0,0,0,0,0,0
1,1,1,1,1,1,1,1,1,2,2,2,"STB832","Male","BSC",3,7,2,2,3,"15",1,1,1,1,1,1,1,1,1,1,1,2,"STB832",NA,NA,NA,NA,NA,NA,NA,NA,NA,NA,NA,NA,NA,NA,0,0,0,0,0,0,0,0,0,1,1,0,0,0,0,0,0,0,0,0,0,0,0,0
1,1,1,1,1,2,2,2,2,2,2,2,"BJ6954","Male","BSC",4,8,1,3,1,"10",1,1,1,1,1,1,1,1,1,1,1,1,"BJ6954","BJ6954",1,1,1,1,1,2,2,2,2,2,2,2,0,0,0,0,0,0,1,1,1,1,1,1,1,1,1,1,1,1,1,1,1,1,1,1,1
1,1,1,1,1,2,2,2,2,2,2,2,"W4L710","Male","MA",4,8,4,4,5,"500",1,1,1,1,1,2,2,2,2,2,2,2,"W4L710","W4L710",1,1,1,1,1,2,2,2,2,2,2,2,1,0,0,0,0,0,0,0,0,0,0,0,0,1,1,1,1,1,1,1,1,1,1,1,1
1,1,1,1,1,2,2,2,2,2,2,2,"UTB076","Male","MA",5,7,3,3,3,"30",1,1,1,1,1,2,2,2,2,2,2,2,"UTB076","UTB076",1,1,1,1,1,2,2,2,2,2,2,2,0,0,0,0,0,0,0,0,0,0,0,0,0,1,1,1,1,1,1,1,1,1,1,1,1
1,1,2,2,2,2,2,2,2,2,2,2,"IMT317","Female","BSC",5,7,3,4,4,"20",1,1,2,2,2,2,2,2,2,2,2,2,"IMT317","IMT317",1,2,2,2,2,2,2,2,2,2,2,2,1,0,0,0,0,0,0,0,0,0,0,0,0,1,0,1,1,1,1,1,1,1,1,1,1
1,1,1,1,1,2,2,2,2,2,2,2,"B3I922","Male","Vocational School",2,8,2,4,4,"365",1,1,1,1,1,2,2,2,2,2,2,2,"B3I922","B3I922",1,1,1,1,1,1,2,2,2,2,2,2,1,0,0,0,0,0,0,0,0,0,0,0,0,1,1,1,1,1,0,1,1,1,1,1,1
1,1,1,2,2,2,2,2,2,2,2,2,"AXT192","Male","MA",5,7,4,2,4,"20",1,1,1,1,1,2,2,2,2,2,2,2,"AXT192","AXT192",1,1,1,2,2,2,2,2,2,2,2,2,0,0,0,0,1,1,0,0,0,0,0,0,0,1,1,1,1,1,1,1,1,1,1,1,1
1,1,2,2,2,2,2,2,2,2,2,2,"ED6785","Female","MA",4,7,2,5,4,"két hónapot, azaz 60 napot",1,1,1,1,2,2,2,2,2,2,2,2,"ED6785","ED6785",1,1,1,2,2,2,2,2,2,2,2,2,1,0,0,1,1,0,0,0,0,0,0,0,0,1,1,1,0,1,1,1,1,1,1,1,1
1,2,2,2,2,2,2,2,2,2,2,2,"AEG962","Female","BSC",5,7,2,3,3,"45",1,1,1,1,1,2,2,2,2,2,2,2,"AEG962",NA,NA,NA,NA,NA,NA,NA,NA,NA,NA,NA,NA,NA,NA,0,1,1,1,1,0,0,0,0,0,0,0,0,0,0,0,0,0,0,0,0,0,0,0
1,1,1,1,1,1,1,1,1,1,2,2,"JNO306","Male","MA",2,7,2,3,3,"20",NA,NA,NA,NA,NA,NA,NA,NA,NA,NA,NA,NA,NA,NA,NA,NA,NA,NA,NA,NA,NA,NA,NA,NA,NA,NA,NA,NA,NA,NA,NA,NA,NA,NA,NA,NA,NA,NA,NA,0,0,0,0,0,0,0,0,0,0,0,0
1,2,2,2,2,2,2,2,2,2,2,2,"Z3H571","Male","MA",4,8,4,4,5,"200",1,2,2,2,2,2,2,2,2,2,2,2,"Z3H571","Z3H571",1,2,2,2,2,2,2,2,2,2,2,2,1,0,0,0,0,0,0,0,0,0,0,0,0,1,1,1,1,1,1,1,1,1,1,1,1
1,1,1,1,2,2,2,2,2,2,2,2,"VGN912","Female","High School Graduation",3,6,4,3,4,"30",1,1,1,1,2,2,2,2,2,2,2,2,"VGN912","VGN912",1,1,1,1,2,2,2,2,2,2,2,2,0,0,0,0,0,0,0,0,0,0,0,0,0,1,1,1,1,1,1,1,1,1,1,1,1
1,1,1,1,1,1,1,1,1,1,1,1,"HDH821","Female","MA",4,8,3,3,3,"20",1,1,1,1,1,1,1,1,1,1,1,1,"HDH821","HDH821",1,1,1,1,1,1,1,1,1,1,1,1,0,0,0,0,0,0,0,0,0,0,0,0,0,1,1,1,1,1,1,1,1,1,1,1,1
1,1,1,1,1,2,2,2,2,2,2,2,"FXD746","Female","MA",3,7,4,3,4,"70",1,1,1,1,1,2,2,2,2,2,2,2,"FXD746","FXD746",1,1,2,2,2,2,2,2,2,2,2,2,1,0,0,0,0,0,0,0,0,0,0,0,0,1,1,0,0,0,1,1,1,1,1,1,1
1,1,1,1,1,1,1,2,2,2,2,2,"A99717","Male","BSC",5,6,3,4,3,"35",1,1,1,1,1,1,1,1,1,1,2,2,"A99717","A99717",1,1,1,1,1,1,1,1,2,2,2,2,0,0,0,0,0,0,0,0,1,1,1,0,0,1,1,1,1,1,1,1,0,1,1,1,1
1,2,2,2,2,2,2,2,2,2,2,2,"OZL476","Male","High School Graduation",1,6,4,5,5,"94",NA,NA,NA,NA,NA,NA,NA,NA,NA,NA,NA,NA,NA,NA,NA,NA,NA,NA,NA,NA,NA,NA,NA,NA,NA,NA,NA,NA,NA,NA,NA,NA,NA,NA,NA,NA,NA,NA,NA,0,0,0,0,0,0,0,0,0,0,0,0
1,1,1,1,1,1,1,1,1,2,2,2,"WTD949","Female","MA",3,8,4,2,3,"14",1,1,1,1,1,1,1,1,1,1,1,1,"WTD694","WTD694",1,1,1,1,1,1,1,1,1,1,1,1,1,0,0,0,0,0,0,0,0,0,1,1,1,1,1,1,1,1,1,1,1,1,1,1,1
1,1,1,1,1,2,2,2,2,2,2,2,"DEW809","Male","PhD",5,6,3,4,5,"60 nap",NA,NA,NA,NA,NA,NA,NA,NA,NA,NA,NA,NA,NA,"DEW809",1,1,1,1,1,2,2,2,2,2,2,2,1,NA,NA,NA,NA,NA,NA,NA,NA,NA,NA,NA,NA,0,0,0,0,0,0,0,0,0,0,0,0
1,1,1,1,1,1,1,1,1,2,2,2,"K6H922","Female","BSC",3,6,3,3,3,"20",1,1,1,1,1,1,1,1,1,2,2,2,"K6H922",NA,NA,NA,NA,NA,NA,NA,NA,NA,NA,NA,NA,NA,NA,0,0,0,0,0,0,0,0,0,0,0,0,0,0,0,0,0,0,0,0,0,0,0,0
1,1,1,1,1,1,1,1,1,2,2,2,"IRC807","Female","MA",2,8,3,3,4,"18",1,1,1,1,1,1,1,1,1,2,2,2,"IRC807","IRC807",1,1,1,1,1,2,2,2,2,2,2,2,1,0,0,0,0,0,0,0,0,0,0,0,0,1,1,1,1,1,0,0,0,0,1,1,1
1,1,1,1,1,1,1,1,2,2,2,2,"C6U510","Male","MA",2,7,3,4,4,"7",1,1,1,1,1,1,1,1,2,2,2,2,"C6U510","C6U510",1,1,1,1,1,1,1,1,1,1,1,1,1,0,0,0,0,0,0,0,0,0,0,0,0,1,1,1,1,1,1,1,1,0,0,0,0
1,2,2,2,2,2,2,2,2,2,2,2,"CHJ627","Female","BSC",3,8,4,5,5,"365",1,2,2,2,2,2,2,2,2,2,2,2,"CHJ627",NA,NA,NA,NA,NA,NA,NA,NA,NA,NA,NA,NA,NA,NA,0,0,0,0,0,0,0,0,0,0,0,0,0,0,0,0,0,0,0,0,0,0,0,0
1,1,1,2,2,2,2,2,2,2,2,2,"EUI533","Male","MA",3,8,1,4,5,"20",1,1,1,2,2,2,2,2,2,2,2,2,"EUI533","EUI533",1,1,1,1,1,2,2,2,2,2,2,2,1,0,0,0,0,0,0,0,0,0,0,0,0,1,1,1,0,0,1,1,1,1,1,1,1
1,2,2,2,2,2,2,2,2,2,2,2,"OTU903","Female","BSC",4,8,4,2,3,"60",1,1,1,1,1,2,2,2,2,2,2,2,"OTU903",NA,NA,NA,NA,NA,NA,NA,NA,NA,NA,NA,NA,NA,NA,0,1,1,1,1,0,0,0,0,0,0,0,0,0,0,0,0,0,0,0,0,0,0,0
1,1,1,1,1,1,1,1,1,1,1,2,"X52826","Female","MA",2,7,2,4,2,"2 hét",NA,NA,NA,NA,NA,NA,NA,NA,NA,NA,NA,NA,NA,NA,NA,NA,NA,NA,NA,NA,NA,NA,NA,NA,NA,NA,NA,NA,NA,NA,NA,NA,NA,NA,NA,NA,NA,NA,NA,0,0,0,0,0,0,0,0,0,0,0,0
1,1,1,1,1,2,2,2,2,2,2,2,"EPQ643","Female","BSC",4,7,2,3,4,"31",NA,NA,NA,NA,NA,NA,NA,NA,NA,NA,NA,NA,NA,NA,NA,NA,NA,NA,NA,NA,NA,NA,NA,NA,NA,NA,NA,NA,NA,NA,NA,NA,NA,NA,NA,NA,NA,NA,NA,0,0,0,0,0,0,0,0,0,0,0,0
1,1,1,1,1,1,1,1,1,2,2,2,"Z44713","Female","BSC",5,8,2,3,3,"60",1,1,1,1,1,1,1,1,1,1,1,1,"Z44713","Z44713",1,1,1,1,1,1,1,1,1,1,1,1,0,0,0,0,0,0,0,0,0,0,1,1,1,1,1,1,1,1,1,1,1,1,0,0,0
1,1,1,1,1,2,2,2,2,2,2,2,"AIA627","Female","High School Graduation",5,8,4,5,4,"40",1,1,1,1,1,2,2,2,2,2,2,2,"AIA627",NA,NA,NA,NA,NA,NA,NA,NA,NA,NA,NA,NA,NA,NA,0,0,0,0,0,0,0,0,0,0,0,0,0,0,0,0,0,0,0,0,0,0,0,0
1,1,1,1,1,2,2,2,2,2,2,2,"OLI827","Male","MA",4,8,4,3,5,"30",1,1,1,1,1,1,1,1,1,2,2,2,"OLI827","OLI827",1,1,1,1,1,2,2,2,2,2,2,2,0,0,0,0,0,0,1,1,1,1,0,0,0,1,1,1,1,1,1,1,1,1,1,1,1
1,2,2,2,2,2,2,2,2,2,2,2,"LXW204","Female","Vocational School",3,6,3,4,4,"30",1,1,1,1,1,2,2,2,2,2,2,2,"LXW020",NA,NA,NA,NA,NA,NA,NA,NA,NA,NA,NA,NA,NA,NA,0,1,1,1,1,0,0,0,0,0,0,0,0,0,0,0,0,0,0,0,0,0,0,0
1,1,1,1,1,1,1,2,2,2,2,2,"JER0K2","Male","MA",5,8,1,3,3,"32",NA,NA,NA,NA,NA,NA,NA,NA,NA,NA,NA,NA,NA,NA,NA,NA,NA,NA,NA,NA,NA,NA,NA,NA,NA,NA,NA,NA,NA,NA,NA,NA,NA,NA,NA,NA,NA,NA,NA,0,0,0,0,0,0,0,0,0,0,0,0
1,1,1,1,1,2,2,2,2,2,2,2,"AHV066","Female","MA",2,8,3,4,4,"30",1,1,1,1,1,1,1,1,1,2,2,2,"AHV066",NA,NA,NA,NA,NA,NA,NA,NA,NA,NA,NA,NA,NA,NA,0,0,0,0,0,1,1,1,1,0,0,0,0,0,0,0,0,0,0,0,0,0,0,0
1,2,2,2,2,2,2,2,2,2,2,2,"LE3212","Female","BSC",4,7,2,3,3,"10",1,1,1,1,1,1,1,1,2,2,2,2,"LE3212",NA,NA,NA,NA,NA,NA,NA,NA,NA,NA,NA,NA,NA,NA,0,1,1,1,1,1,1,1,0,0,0,0,0,0,0,0,0,0,0,0,0,0,0,0
1,1,2,2,2,2,2,2,2,2,2,2,"EER891","Male","High School Graduation",3,5,3,3,4,"90",1,1,1,2,2,2,2,2,2,2,2,2,"EER891",NA,NA,NA,NA,NA,NA,NA,NA,NA,NA,NA,NA,NA,NA,0,0,1,0,0,0,0,0,0,0,0,0,0,0,0,0,0,0,0,0,0,0,0,0
1,2,2,2,2,2,2,2,2,2,2,2,"GRY133","Female","High School Graduation",3,7,2,3,4,"100",NA,NA,NA,NA,NA,NA,NA,NA,NA,NA,NA,NA,NA,NA,NA,NA,NA,NA,NA,NA,NA,NA,NA,NA,NA,NA,NA,NA,NA,NA,NA,NA,NA,NA,NA,NA,NA,NA,NA,0,0,0,0,0,0,0,0,0,0,0,0
1,2,2,2,2,2,2,2,2,2,2,2,"DHC324","Female","MA",2,7,5,4,4,"50",1,1,1,2,2,2,2,2,2,2,2,2,"DHC324",NA,NA,NA,NA,NA,NA,NA,NA,NA,NA,NA,NA,NA,NA,0,1,1,0,0,0,0,0,0,0,0,0,0,0,0,0,0,0,0,0,0,0,0,0
1,1,1,1,2,2,2,2,2,2,2,2,"VKP679","Male","MA",4,8,3,2,4,"40",NA,NA,NA,NA,NA,NA,NA,NA,NA,NA,NA,NA,NA,"VKP679",1,1,1,1,2,2,2,2,2,2,2,2,1,NA,NA,NA,NA,NA,NA,NA,NA,NA,NA,NA,NA,0,0,0,0,0,0,0,0,0,0,0,0
1,1,1,1,1,2,2,2,2,2,2,2,"E4N112","Female","BSC",4,7,3,2,3,"30",NA,NA,NA,NA,NA,NA,NA,NA,NA,NA,NA,NA,NA,"E4N112",1,1,1,1,1,2,2,2,2,2,2,2,0,NA,NA,NA,NA,NA,NA,NA,NA,NA,NA,NA,NA,1,1,1,1,1,1,1,1,1,1,1,1
1,1,1,1,1,1,1,1,1,1,1,2,"F16282","Male","PhD",3,7,3,3,3,"30",1,1,1,1,1,1,1,1,1,1,1,1,"F16282",NA,NA,NA,NA,NA,NA,NA,NA,NA,NA,NA,NA,NA,NA,0,0,0,0,0,0,0,0,0,0,0,1,0,0,0,0,0,0,0,0,0,0,0,0
1,1,1,1,2,2,2,2,2,2,2,2,"HYN023","Female","BSC",5,8,4,5,4,"30",1,1,1,1,1,1,1,1,2,2,2,2,"HYN023",NA,NA,NA,NA,NA,NA,NA,NA,NA,NA,NA,NA,NA,NA,0,0,0,0,1,1,1,1,0,0,0,0,0,0,0,0,0,0,0,0,0,0,0,0
1,1,1,1,1,2,2,2,2,2,2,2,"P6A410","Male","BSC",4,7,3,3,4,"30",1,1,1,1,1,2,2,2,2,2,2,2,"P6A041",NA,NA,NA,NA,NA,NA,NA,NA,NA,NA,NA,NA,NA,NA,0,0,0,0,0,0,0,0,0,0,0,0,0,0,0,0,0,0,0,0,0,0,0,0
1,1,1,1,1,1,1,1,1,1,2,2,"VZS363","Male","MA",5,8,2,2,2,"35",1,1,1,1,1,1,1,1,1,1,2,2,"VZS363","VZS363",1,1,1,1,1,2,2,2,2,2,2,2,1,0,0,0,0,0,0,0,0,0,0,0,0,1,1,1,1,1,0,0,0,0,0,1,1
1,2,2,2,2,2,2,2,2,2,2,2,"TB7813","Female","High School Graduation",2,7,4,4,1,"90",1,1,1,1,1,1,1,1,1,1,1,2,"TB7813","TB7813",1,1,1,2,2,2,2,2,2,2,2,2,1,0,1,1,1,1,1,1,1,1,1,1,0,1,1,1,0,0,0,0,0,0,0,0,1
1,1,1,2,2,2,2,2,2,2,2,2,"XHI369","Female","MA",5,7,4,3,4,"90",1,1,1,1,2,2,2,2,2,2,2,2,"XHI369","XHI369",1,1,1,2,2,2,2,2,2,2,2,2,1,0,0,0,1,0,0,0,0,0,0,0,0,1,1,1,0,1,1,1,1,1,1,1,1
1,1,1,1,1,1,1,1,1,2,2,2,"QT4654","Male","MA",4,7,3,4,4,"42",1,1,1,1,1,1,1,1,1,2,2,2,"QT4654","QT4654",1,1,1,1,1,1,1,1,1,2,2,2,1,0,0,0,0,0,0,0,0,0,0,0,0,1,1,1,1,1,1,1,1,1,1,1,1
1,1,1,1,1,1,1,2,2,2,2,2,"KAR300","Male","MA",4,8,2,5,1,"45",1,1,1,1,1,2,2,2,2,2,2,2,"KAR300",NA,NA,NA,NA,NA,NA,NA,NA,NA,NA,NA,NA,NA,NA,0,0,0,0,0,-1,-1,0,0,0,0,0,0,0,0,0,0,0,0,0,0,0,0,0
1,1,2,2,2,2,2,2,2,2,2,2,"F2B534","Female","MA",4,9,3,2,2,"25",NA,NA,NA,NA,NA,NA,NA,NA,NA,NA,NA,NA,NA,"F2B534",1,1,2,2,2,2,2,2,2,2,2,2,1,NA,NA,NA,NA,NA,NA,NA,NA,NA,NA,NA,NA,0,0,0,0,0,0,0,0,0,0,0,0
1,1,1,1,1,1,1,1,1,1,2,2,"QAKT31","Female","MA",2,7,3,3,4,"20",NA,NA,NA,NA,NA,NA,NA,NA,NA,NA,NA,NA,NA,NA,NA,NA,NA,NA,NA,NA,NA,NA,NA,NA,NA,NA,NA,NA,NA,NA,NA,NA,NA,NA,NA,NA,NA,NA,NA,0,0,0,0,0,0,0,0,0,0,0,0
1,1,1,1,1,1,1,1,1,1,1,2,"M01984","Male","Vocational School",3,8,1,4,3,"50",1,1,1,1,1,1,1,1,1,1,1,1,"M01984","M01984",2,2,2,2,2,2,2,2,2,2,2,2,1,0,0,0,0,0,0,0,0,0,0,0,1,0,0,0,0,0,0,0,0,0,0,0,0
2,2,2,2,2,2,2,2,2,2,2,2,"A67006","Female","Vocational School",4,7,2,4,4,"30",NA,NA,NA,NA,NA,NA,NA,NA,NA,NA,NA,NA,NA,"A67006",2,2,2,2,2,2,2,2,2,2,2,2,1,NA,NA,NA,NA,NA,NA,NA,NA,NA,NA,NA,NA,0,0,0,0,0,0,0,0,0,0,0,0
1,1,1,1,1,2,2,2,2,2,2,2,"V69463","Male","High School Graduation",5,7,3,4,5,"20",1,1,1,1,1,1,1,1,1,1,1,1,"V69463","V69463",1,1,1,1,1,1,1,1,1,1,1,1,1,0,0,0,0,0,1,1,1,1,1,1,1,1,1,1,1,1,1,1,1,1,1,1,1
1,1,1,1,1,2,2,2,2,2,2,2,"L2L144","Female","BSC",3,8,3,2,4,"40",1,1,1,1,2,2,2,2,2,2,2,2,"L2L144",NA,NA,NA,NA,NA,NA,NA,NA,NA,NA,NA,NA,NA,NA,0,0,0,0,-1,0,0,0,0,0,0,0,0,0,0,0,0,0,0,0,0,0,0,0
1,1,1,1,1,2,2,2,2,2,2,2,"BCU060","Male","MA",2,7,3,4,2,"31",1,1,1,1,1,2,2,2,2,2,2,2,"BCU060","BCU060",1,1,1,1,1,2,2,2,2,2,2,2,0,0,0,0,0,0,0,0,0,0,0,0,0,1,1,1,1,1,1,1,1,1,1,1,1
1,1,1,1,1,1,1,1,1,2,2,2,"HFU510","Male","MA",3,7,2,2,3,"50",NA,NA,NA,NA,NA,NA,NA,NA,NA,NA,NA,NA,NA,"HFU510",1,1,1,1,1,1,1,1,1,2,2,2,0,NA,NA,NA,NA,NA,NA,NA,NA,NA,NA,NA,NA,1,1,1,1,1,1,1,1,1,1,1,1
1,2,2,2,2,2,2,2,2,2,2,2,"RK0030","Female","BSC",5,8,3,4,4,"60",NA,NA,NA,NA,NA,NA,NA,NA,NA,NA,NA,NA,NA,"RK0030",1,2,2,2,2,2,2,2,2,2,2,2,0,NA,NA,NA,NA,NA,NA,NA,NA,NA,NA,NA,NA,1,1,1,1,1,1,1,1,1,1,1,1
1,2,2,2,2,2,2,2,2,2,2,2,"VFI404","Female","MA",5,7,3,4,4,"5",NA,NA,NA,NA,NA,NA,NA,NA,NA,NA,NA,NA,NA,NA,NA,NA,NA,NA,NA,NA,NA,NA,NA,NA,NA,NA,NA,NA,NA,NA,NA,NA,NA,NA,NA,NA,NA,NA,NA,0,0,0,0,0,0,0,0,0,0,0,0
1,1,1,1,1,1,1,1,1,2,2,2,"LN2751","Male","MA",2,7,2,4,3,"7",NA,NA,NA,NA,NA,NA,NA,NA,NA,NA,NA,NA,NA,"LN2751",1,1,1,1,1,1,1,1,1,1,1,1,0,NA,NA,NA,NA,NA,NA,NA,NA,NA,NA,NA,NA,1,1,1,1,1,1,1,1,1,0,0,0
1,1,1,1,1,1,1,1,1,1,1,2,"GAY442","Male","BSC",5,4,4,2,2,"30",1,1,1,1,1,1,1,1,1,2,2,2,"GAY442","GAY442",1,1,1,1,1,1,1,1,1,2,2,2,1,0,0,0,0,0,0,0,0,0,-1,-1,0,1,1,1,1,1,1,1,1,1,1,1,1
1,1,1,1,1,2,2,2,2,2,2,2,"AO2381","Female","MA",3,6,2,3,4,"30",NA,NA,NA,NA,NA,NA,NA,NA,NA,NA,NA,NA,NA,"AO2381",1,1,1,1,1,1,1,2,2,2,2,2,1,NA,NA,NA,NA,NA,NA,NA,NA,NA,NA,NA,NA,0,0,0,0,0,0,0,0,0,0,0,0
1,1,1,1,1,2,2,2,2,2,2,2,"401,00","Male","BSC",3,6,2,5,2,"14",1,1,1,1,1,1,1,1,1,1,1,1,"401,00",NA,NA,NA,NA,NA,NA,NA,NA,NA,NA,NA,NA,NA,NA,0,0,0,0,0,1,1,1,1,1,1,1,0,0,0,0,0,0,0,0,0,0,0,0
1,1,1,1,2,2,2,2,2,2,2,2,"I25142","Female","Vocational School",5,5,3,4,2,"28 napot",1,1,1,1,2,2,2,2,2,2,2,2,"I25142",NA,NA,NA,NA,NA,NA,NA,NA,NA,NA,NA,NA,NA,NA,0,0,0,0,0,0,0,0,0,0,0,0,0,0,0,0,0,0,0,0,0,0,0,0
1,1,1,1,1,1,1,1,1,1,1,1,"BNU726","Female","MA",5,7,2,3,4,"15",1,2,2,2,2,2,2,2,2,2,2,2,"BNU726","BNU726",2,2,2,2,2,2,2,2,2,2,2,2,0,0,-1,-1,-1,-1,-1,-1,-1,-1,-1,-1,-1,0,0,0,0,0,0,0,0,0,0,0,0
1,1,1,1,2,2,2,2,2,2,2,2,"GC0903","Female","MA",4,7,2,2,4,"15",1,1,1,1,1,2,2,2,2,2,2,2,"GC0903","GC0903",1,1,1,1,1,2,2,2,2,2,2,2,1,0,0,0,0,1,0,0,0,0,0,0,0,1,1,1,1,1,1,1,1,1,1,1,1
1,1,1,1,1,1,1,1,1,2,2,2,"CQT258","Female","High School Graduation",2,8,4,4,1,"365",1,2,2,2,2,2,2,2,2,2,2,2,"CQT258","CQT258",1,2,2,2,2,2,2,2,2,2,2,2,1,0,-1,-1,-1,-1,-1,-1,-1,-1,0,0,0,1,1,1,1,1,1,1,1,1,1,1,1
1,1,1,1,2,2,2,2,2,2,2,2,"E2Z774","Female","High School Graduation",3,7,2,3,4,"40",NA,NA,NA,NA,NA,NA,NA,NA,NA,NA,NA,NA,NA,NA,NA,NA,NA,NA,NA,NA,NA,NA,NA,NA,NA,NA,NA,NA,NA,NA,NA,NA,NA,NA,NA,NA,NA,NA,NA,0,0,0,0,0,0,0,0,0,0,0,0
1,1,1,1,1,1,1,1,1,2,2,2,"RVL798","Male","BSC",3,8,4,3,4,"45",1,1,1,1,1,1,1,2,2,2,2,2,"RVL798","RVL798",1,1,1,1,1,1,1,2,2,2,2,2,0,0,0,0,0,0,0,0,-1,-1,0,0,0,1,1,1,1,1,1,1,0,0,1,1,1
1,1,1,1,1,1,1,1,1,1,1,1,"XQ8365","Male","High School Graduation",2,7,1,4,1,"2 hét",1,1,1,1,1,1,1,1,1,1,1,1,"XQ8365",NA,NA,NA,NA,NA,NA,NA,NA,NA,NA,NA,NA,NA,NA,0,0,0,0,0,0,0,0,0,0,0,0,0,0,0,0,0,0,0,0,0,0,0,0
1,2,2,2,2,2,2,2,2,2,2,2,"N3O201","Female","Vocational School",2,7,1,3,4,"100",1,2,2,2,2,2,2,2,2,2,2,2,"N3O201","N3O201",1,2,2,2,2,2,2,2,2,2,2,2,0,0,0,0,0,0,0,0,0,0,0,0,0,1,1,1,1,1,1,1,1,1,1,1,1
1,2,2,2,2,2,2,2,2,2,2,2,"EX0052","Female","BSC",5,7,2,3,4,"40",2,2,2,2,2,2,2,2,2,2,2,2,"EX0052","EX0052",1,2,2,2,2,2,2,2,2,2,2,2,1,-1,0,0,0,0,0,0,0,0,0,0,0,0,1,1,1,1,1,1,1,1,1,1,1
1,2,2,2,2,2,2,2,2,2,2,2,"I41180","Female","MA",4,8,2,3,4,"50",1,1,1,1,1,2,2,2,2,2,2,2,"I41800",NA,NA,NA,NA,NA,NA,NA,NA,NA,NA,NA,NA,NA,NA,0,1,1,1,1,0,0,0,0,0,0,0,0,0,0,0,0,0,0,0,0,0,0,0
1,1,1,1,1,1,1,2,2,2,2,2,"DFU093","Female","MA",4,5,3,3,3,"40",NA,NA,NA,NA,NA,NA,NA,NA,NA,NA,NA,NA,NA,"DFU093",1,1,1,1,1,1,1,2,2,2,2,2,1,NA,NA,NA,NA,NA,NA,NA,NA,NA,NA,NA,NA,0,0,0,0,0,0,0,0,0,0,0,0
1,1,1,1,1,2,2,2,2,2,2,2,"FE9446","Female","MA",4,8,2,3,4,"30",1,1,1,1,1,2,2,2,2,2,2,2,"FE9446","FE9446",1,1,1,1,1,2,2,2,2,2,2,2,1,0,0,0,0,0,0,0,0,0,0,0,0,1,1,1,1,1,1,1,1,1,1,1,1
1,1,1,1,2,2,2,1,2,2,2,2,"WAJ924","Female","MA",4,7,3,3,3,"100",1,1,2,2,2,2,2,2,2,2,2,2,"WAJ924","WAJ924",1,1,1,2,2,1,2,2,1,2,2,2,1,0,0,-1,-1,0,0,0,-1,0,0,0,0,1,1,0,1,1,0,1,1,0,1,1,1
1,1,1,1,1,2,2,2,2,2,2,2,"RZN364","Male","BSC",5,6,3,4,5,"50",1,1,1,1,1,2,2,2,2,2,2,2,"RZN364","RZN364",1,1,1,1,2,2,2,2,2,2,2,2,0,0,0,0,0,0,0,0,0,0,0,0,0,1,1,1,1,0,1,1,1,1,1,1,1
1,2,2,2,2,2,2,2,2,2,2,2,"JWN172","Male","High School Graduation",3,7,3,2,2,"30",1,2,2,2,2,2,2,2,2,2,2,2,"JWN172","JWN722",1,2,2,2,2,2,2,2,2,2,2,2,1,0,0,0,0,0,0,0,0,0,0,0,0,1,1,1,1,1,1,1,1,1,1,1,1
1,1,1,1,2,2,2,2,2,2,2,2,NA,"Male","MA",2,7,3,4,4,"60",NA,NA,NA,NA,NA,NA,NA,NA,NA,NA,NA,NA,NA,NA,NA,NA,NA,NA,NA,NA,NA,NA,NA,NA,NA,NA,NA,NA,NA,NA,NA,NA,NA,NA,NA,NA,NA,NA,NA,0,0,0,0,0,0,0,0,0,0,0,0
1,1,2,2,2,2,2,2,2,2,2,2,"4660,0","Male","MA",5,9,4,2,4,"365",2,2,2,2,2,2,2,2,2,2,2,2,"4660,0","4660,0",1,2,2,2,2,2,2,2,2,2,2,2,1,-1,-1,0,0,0,0,0,0,0,0,0,0,0,1,1,1,1,1,1,1,1,1,1,1
1,1,1,1,1,1,1,1,1,1,1,1,"WHZ046","Male","BSC",4,6,5,2,3,"2",1,1,1,1,1,2,2,2,2,2,2,2,"WHZ046",NA,NA,NA,NA,NA,NA,NA,NA,NA,NA,NA,NA,NA,NA,0,0,0,0,0,-1,-1,-1,-1,-1,-1,-1,0,0,0,0,0,0,0,0,0,0,0,0
1,1,1,1,1,1,1,1,2,2,2,2,"QXN581","Female","BSC",2,7,3,2,4,"30",NA,NA,NA,NA,NA,NA,NA,NA,NA,NA,NA,NA,NA,NA,NA,NA,NA,NA,NA,NA,NA,NA,NA,NA,NA,NA,NA,NA,NA,NA,NA,NA,NA,NA,NA,NA,NA,NA,NA,0,0,0,0,0,0,0,0,0,0,0,0
1,1,1,1,1,1,1,1,1,1,1,1,"MFR522","Female","BSC",2,7,2,3,3,"3",1,1,1,1,1,1,1,1,1,1,1,1,"MFR522","MFR522",1,1,1,1,1,1,1,1,1,2,2,2,0,0,0,0,0,0,0,0,0,0,0,0,0,1,1,1,1,1,1,1,1,1,0,0,0
1,1,1,1,1,2,2,2,2,2,2,2,"X24208","Male","MA",3,7,2,3,5,"60",NA,NA,NA,NA,NA,NA,NA,NA,NA,NA,NA,NA,NA,NA,NA,NA,NA,NA,NA,NA,NA,NA,NA,NA,NA,NA,NA,NA,NA,NA,NA,NA,NA,NA,NA,NA,NA,NA,NA,0,0,0,0,0,0,0,0,0,0,0,0
1,2,2,2,2,2,2,2,2,2,2,2,"WN8660","Male","High School Graduation",5,3,3,2,3,"25",1,1,1,1,1,2,2,2,2,2,2,2,"WN8660","WN8660",1,1,1,2,2,2,2,2,2,2,2,2,1,0,1,1,1,1,0,0,0,0,0,0,0,1,1,1,0,0,1,1,1,1,1,1,1
1,1,1,1,1,1,2,2,2,2,2,2,"AW5632","Male","BSC",3,7,3,4,4,"30",1,1,1,1,1,1,1,2,2,2,2,2,"AW5632","AW5632",1,1,1,1,1,1,2,2,2,2,2,2,1,0,0,0,0,0,0,1,0,0,0,0,0,1,1,1,1,1,1,0,1,1,1,1,1
1,1,1,1,1,1,1,1,2,2,2,2,"MD5080","Female","MA",5,7,4,3,4,"20",1,1,1,1,1,1,1,1,1,2,2,2,"MD5080","MD5080",1,1,1,1,1,1,1,1,2,2,2,2,1,0,0,0,0,0,0,0,0,1,0,0,0,1,1,1,1,1,1,1,1,0,1,1,1
1,1,2,2,2,2,2,2,2,2,2,2,"QEL135","Male","MA",5,8,3,3,4,"365",NA,NA,NA,NA,NA,NA,NA,NA,NA,NA,NA,NA,NA,NA,NA,NA,NA,NA,NA,NA,NA,NA,NA,NA,NA,NA,NA,NA,NA,NA,NA,NA,NA,NA,NA,NA,NA,NA,NA,0,0,0,0,0,0,0,0,0,0,0,0
1,1,1,1,1,2,2,2,2,2,2,2,"DZ3896","Female","MA",5,7,4,3,2,"10",1,1,1,1,2,2,2,2,2,2,2,2,"DZ3896",NA,NA,NA,NA,NA,NA,NA,NA,NA,NA,NA,NA,NA,NA,0,0,0,0,-1,0,0,0,0,0,0,0,0,0,0,0,0,0,0,0,0,0,0,0
1,1,1,1,2,2,2,2,2,2,2,2,"MUW476","Female","MA",5,7,3,4,3,"56",2,2,2,2,2,2,2,2,2,2,2,2,"MUW476","MUW476",1,1,1,2,2,2,2,2,2,2,2,2,0,-1,-1,-1,-1,0,0,0,0,0,0,0,0,1,1,1,0,1,1,1,1,1,1,1,1
1,2,2,2,2,2,2,2,2,2,2,2,"DT7591","Male","High School Graduation",4,6,4,4,4,"60",1,1,1,2,2,2,2,2,2,2,2,2,"DT7591","DT7591",1,1,2,2,2,2,2,2,2,2,2,2,0,0,1,1,0,0,0,0,0,0,0,0,0,1,0,1,1,1,1,1,1,1,1,1,1
1,1,1,1,1,1,1,1,1,1,1,1,"K4R794","Female","MA",4,4,2,2,4,"6",NA,NA,NA,NA,NA,NA,NA,NA,NA,NA,NA,NA,NA,NA,NA,NA,NA,NA,NA,NA,NA,NA,NA,NA,NA,NA,NA,NA,NA,NA,NA,NA,NA,NA,NA,NA,NA,NA,NA,0,0,0,0,0,0,0,0,0,0,0,0
1,1,2,2,2,2,2,2,2,2,2,2,"H9Q098","Male","MA",3,9,3,4,4,"700",1,1,2,2,2,2,2,2,2,2,2,2,"H9Q098",NA,NA,NA,NA,NA,NA,NA,NA,NA,NA,NA,NA,NA,NA,0,0,0,0,0,0,0,0,0,0,0,0,0,0,0,0,0,0,0,0,0,0,0,0
1,1,1,1,2,2,2,2,2,2,2,2,"LEG016","Male","BSC",2,7,2,3,4,"40",NA,NA,NA,NA,NA,NA,NA,NA,NA,NA,NA,NA,NA,NA,NA,NA,NA,NA,NA,NA,NA,NA,NA,NA,NA,NA,NA,NA,NA,NA,NA,NA,NA,NA,NA,NA,NA,NA,NA,0,0,0,0,0,0,0,0,0,0,0,0
1,1,1,1,2,2,2,2,2,2,2,2,"UHL086","Female","MA",5,8,3,4,4,"14",1,1,1,1,1,2,2,2,2,2,2,2,"UHL086",NA,NA,NA,NA,NA,NA,NA,NA,NA,NA,NA,NA,NA,NA,0,0,0,0,1,0,0,0,0,0,0,0,0,0,0,0,0,0,0,0,0,0,0,0
1,2,2,2,2,2,2,2,2,2,2,2,"YXX040","Male","BSC",3,8,3,3,4,"30",1,2,2,2,2,2,2,2,2,2,2,2,"YXX401",NA,NA,NA,NA,NA,NA,NA,NA,NA,NA,NA,NA,NA,NA,0,0,0,0,0,0,0,0,0,0,0,0,0,0,0,0,0,0,0,0,0,0,0,0
1,2,2,2,2,2,2,2,2,2,2,2,"H6N570","Male","MA",4,7,4,3,5,"89",1,2,2,2,2,2,2,2,2,2,2,2,"H6N570","H6N570",1,2,2,2,2,2,2,2,2,2,2,2,0,0,0,0,0,0,0,0,0,0,0,0,0,1,1,1,1,1,1,1,1,1,1,1,1
1,1,1,1,1,1,1,1,2,2,2,2,"X76531","Male","BSC",5,7,5,2,2,"29",1,1,1,1,1,2,2,2,2,2,2,2,"X76531",NA,NA,NA,NA,NA,NA,NA,NA,NA,NA,NA,NA,NA,NA,0,0,0,0,0,-1,-1,-1,0,0,0,0,0,0,0,0,0,0,0,0,0,0,0,0
1,1,1,1,1,2,2,2,2,2,2,2,"4573,0","Female","High School Graduation",2,4,3,4,3,"60",1,1,1,1,1,1,1,2,2,2,2,2,"4573,0","4573,0",1,1,1,1,1,1,1,2,2,2,2,2,1,0,0,0,0,0,1,1,0,0,0,0,0,1,1,1,1,1,1,1,1,1,1,1,1
1,1,1,1,1,1,2,2,2,2,2,2,"AFZ438","Female","High School Graduation",2,5,3,2,4,"20",1,1,1,1,1,2,2,2,2,2,2,2,"AFZ438","AFZ438",1,1,1,1,2,1,1,2,2,2,2,2,1,0,0,0,0,0,-1,0,0,0,0,0,0,1,1,1,1,0,0,0,1,1,1,1,1
1,1,2,2,2,2,2,2,2,2,2,2,"EMZ888","Female","High School Graduation",4,3,3,3,4,"40",1,1,1,1,2,2,2,2,2,2,2,2,"EMZ888",NA,NA,NA,NA,NA,NA,NA,NA,NA,NA,NA,NA,NA,NA,0,0,1,1,0,0,0,0,0,0,0,0,0,0,0,0,0,0,0,0,0,0,0,0
1,1,1,1,1,2,2,2,2,2,2,2,"EMI545","Male","High School Graduation",5,9,2,4,4,"40",1,1,1,1,1,2,2,2,2,2,2,2,"EMI545",NA,NA,NA,NA,NA,NA,NA,NA,NA,NA,NA,NA,NA,NA,0,0,0,0,0,0,0,0,0,0,0,0,0,0,0,0,0,0,0,0,0,0,0,0
1,2,2,2,2,2,2,2,2,2,2,2,"QL7639","Male","MA",5,9,3,3,2,"60",NA,NA,NA,NA,NA,NA,NA,NA,NA,NA,NA,NA,NA,NA,NA,NA,NA,NA,NA,NA,NA,NA,NA,NA,NA,NA,NA,NA,NA,NA,NA,NA,NA,NA,NA,NA,NA,NA,NA,0,0,0,0,0,0,0,0,0,0,0,0
1,1,1,1,1,2,2,2,2,2,2,2,"BO2779","Male","MA",5,8,4,4,4,"45",1,1,1,1,1,1,1,1,2,2,2,2,"BO2779","BO2779",1,1,1,1,1,2,2,2,2,2,2,2,0,0,0,0,0,0,1,1,1,0,0,0,0,1,1,1,1,1,1,1,1,1,1,1,1
1,1,1,1,1,1,1,1,1,1,1,1,"COK273","Female","BSC",5,7,3,3,1,"21",NA,NA,NA,NA,NA,NA,NA,NA,NA,NA,NA,NA,NA,NA,NA,NA,NA,NA,NA,NA,NA,NA,NA,NA,NA,NA,NA,NA,NA,NA,NA,NA,NA,NA,NA,NA,NA,NA,NA,0,0,0,0,0,0,0,0,0,0,0,0
1,2,2,2,2,2,2,2,2,2,2,2,"IKW303","Male","MA",4,6,3,2,4,"365",1,2,2,2,2,2,2,2,2,2,2,2,"IKW303","IKW303",1,2,2,2,2,2,2,2,2,2,2,2,1,0,0,0,0,0,0,0,0,0,0,0,0,1,1,1,1,1,1,1,1,1,1,1,1
1,2,2,2,2,2,2,2,2,2,2,2,"DMD187","Male","MA",5,8,2,4,5,"30",1,2,2,2,2,2,2,2,2,2,2,2,"DMD187","DMD187",1,2,2,2,2,2,2,2,2,2,2,2,0,0,0,0,0,0,0,0,0,0,0,0,0,1,1,1,1,1,1,1,1,1,1,1,1
1,1,1,2,2,2,2,2,2,2,2,2,"R2U869","Male","MA",4,9,2,4,4,"90",NA,NA,NA,NA,NA,NA,NA,NA,NA,NA,NA,NA,NA,NA,NA,NA,NA,NA,NA,NA,NA,NA,NA,NA,NA,NA,NA,NA,NA,NA,NA,NA,NA,NA,NA,NA,NA,NA,NA,0,0,0,0,0,0,0,0,0,0,0,0
1,1,1,1,1,1,1,1,2,2,2,2,"RO1293","Male","BSC",5,8,2,4,4,"10",1,1,1,1,1,1,1,1,1,1,1,2,"RO1293","RO1293",1,1,1,1,1,1,1,1,1,2,2,2,1,0,0,0,0,0,0,0,0,1,1,1,0,1,1,1,1,1,1,1,1,1,0,0,1
1,1,1,1,1,2,2,2,2,2,2,2,"VL6335","Male","BSC",5,8,4,3,4,"50",1,1,1,1,1,1,2,2,2,2,2,2,"VL6335","VL6335",1,1,1,1,1,1,2,2,2,2,2,2,0,0,0,0,0,0,1,0,0,0,0,0,0,1,1,1,1,1,0,1,1,1,1,1,1
2,2,2,2,2,2,2,2,2,1,1,1,"HZE457","Male","MA",4,8,3,5,5,"100",1,1,1,1,1,1,1,1,1,2,2,2,"HZE457","HZE457",2,2,2,2,2,2,1,1,1,1,1,2,0,1,1,1,1,1,1,1,1,1,-1,-1,-1,1,1,1,1,1,1,0,0,0,1,1,0
1,2,2,2,2,2,2,2,2,2,2,2,"Y23060","Female","PhD",5,9,2,2,4,"40",1,2,2,2,2,2,2,2,2,2,2,2,"Y23060",NA,NA,NA,NA,NA,NA,NA,NA,NA,NA,NA,NA,NA,NA,0,0,0,0,0,0,0,0,0,0,0,0,0,0,0,0,0,0,0,0,0,0,0,0
1,1,1,1,2,2,2,2,2,2,2,2,"IJG863","Male","BSC",2,8,2,4,4,"60",NA,NA,NA,NA,NA,NA,NA,NA,NA,NA,NA,NA,NA,NA,NA,NA,NA,NA,NA,NA,NA,NA,NA,NA,NA,NA,NA,NA,NA,NA,NA,NA,NA,NA,NA,NA,NA,NA,NA,0,0,0,0,0,0,0,0,0,0,0,0
1,2,2,2,2,2,2,2,2,2,2,2,"XWD108","Female","MA",4,7,3,3,4,"10",1,2,2,2,2,2,2,2,2,2,2,2,"XWD108","XWD108",1,2,2,2,2,2,2,2,2,2,2,2,1,0,0,0,0,0,0,0,0,0,0,0,0,1,1,1,1,1,1,1,1,1,1,1,1
1,1,1,1,1,1,1,1,1,1,1,1,"MNH389","Male","PhD",4,9,4,3,4,"Egy hét ",NA,NA,NA,NA,NA,NA,NA,NA,NA,NA,NA,NA,NA,"MNH389",1,1,1,1,1,1,1,1,1,1,1,2,1,NA,NA,NA,NA,NA,NA,NA,NA,NA,NA,NA,NA,0,0,0,0,0,0,0,0,0,0,0,0
1,1,1,1,1,1,1,1,2,2,2,2,"GVV509","Male","BSC",3,9,3,4,4,"50",1,1,1,1,1,1,1,1,1,2,2,2,"GVV509","GVV509",1,1,1,1,1,1,1,1,1,2,2,2,0,0,0,0,0,0,0,0,0,1,0,0,0,1,1,1,1,1,1,1,1,0,1,1,1
1,1,1,1,1,1,1,1,1,2,2,2,"CO7506","Female","BSC",5,7,2,3,4,"15",NA,NA,NA,NA,NA,NA,NA,NA,NA,NA,NA,NA,NA,NA,NA,NA,NA,NA,NA,NA,NA,NA,NA,NA,NA,NA,NA,NA,NA,NA,NA,NA,NA,NA,NA,NA,NA,NA,NA,0,0,0,0,0,0,0,0,0,0,0,0
2,2,2,2,2,2,2,1,1,1,1,1,"BPO310","Male","BSC",4,8,1,4,3,"14",1,1,1,1,1,1,1,1,1,1,1,1,"BPO310","BPO310",2,2,2,2,2,1,2,1,1,1,1,1,0,1,1,1,1,1,1,1,0,0,0,0,0,1,1,1,1,1,0,1,1,1,1,1,1
1,2,2,2,2,2,2,2,2,2,2,2,NA,"Male","BSC",1,7,2,4,5,"180",NA,NA,NA,NA,NA,NA,NA,NA,NA,NA,NA,NA,NA,NA,NA,NA,NA,NA,NA,NA,NA,NA,NA,NA,NA,NA,NA,NA,NA,NA,NA,NA,NA,NA,NA,NA,NA,NA,NA,0,0,0,0,0,0,0,0,0,0,0,0
1,1,1,1,1,1,1,1,1,1,1,2,"P3C970","Male","MA",2,7,2,4,3,"10",NA,NA,NA,NA,NA,NA,NA,NA,NA,NA,NA,NA,NA,"P3C970",1,1,1,1,1,1,1,1,1,2,2,2,1,NA,NA,NA,NA,NA,NA,NA,NA,NA,NA,NA,NA,0,0,0,0,0,0,0,0,0,0,0,0
1,1,1,1,1,1,1,1,1,1,1,1,"MYJ760","Male","MA",4,8,3,2,3,"21",1,1,1,1,1,1,1,1,1,1,1,1,"MYJ760","MYJ760",1,1,1,1,1,1,1,1,1,1,1,1,1,0,0,0,0,0,0,0,0,0,0,0,0,1,1,1,1,1,1,1,1,1,1,1,1
1,1,1,1,1,2,2,2,2,2,2,2,"BAY775","Female","MA",4,6,3,3,2,"28",1,1,1,1,2,2,2,2,2,2,2,2,"BAY775","BAY775",1,1,1,1,1,2,2,2,2,2,2,2,1,0,0,0,0,-1,0,0,0,0,0,0,0,1,1,1,1,0,1,1,1,1,1,1,1
1,2,2,2,2,2,2,2,2,2,2,2,"AHI130","Female","BSC",4,10,2,3,4,"200",1,1,1,1,1,2,2,2,2,2,2,2,"AHI130",NA,NA,NA,NA,NA,NA,NA,NA,NA,NA,NA,NA,NA,NA,0,1,1,1,1,0,0,0,0,0,0,0,0,0,0,0,0,0,0,0,0,0,0,0
1,1,2,2,2,2,2,2,2,2,2,2,"JBH000","Female","MA",5,7,2,2,3,"90 nap",NA,NA,NA,NA,NA,NA,NA,NA,NA,NA,NA,NA,NA,NA,NA,NA,NA,NA,NA,NA,NA,NA,NA,NA,NA,NA,NA,NA,NA,NA,NA,NA,NA,NA,NA,NA,NA,NA,NA,0,0,0,0,0,0,0,0,0,0,0,0
1,1,1,1,1,1,1,1,1,2,2,2,"TD1696","Female","MA",5,8,3,4,2,"20",NA,NA,NA,NA,NA,NA,NA,NA,NA,NA,NA,NA,NA,NA,NA,NA,NA,NA,NA,NA,NA,NA,NA,NA,NA,NA,NA,NA,NA,NA,NA,NA,NA,NA,NA,NA,NA,NA,NA,0,0,0,0,0,0,0,0,0,0,0,0
1,1,1,1,2,2,2,2,2,2,2,2,"ZY8Y49","Female","High School Graduation",4,6,2,3,4,"30",1,1,1,1,1,1,1,1,1,2,2,2,"ZY8Y49",NA,NA,NA,NA,NA,NA,NA,NA,NA,NA,NA,NA,NA,NA,0,0,0,0,1,1,1,1,1,0,0,0,0,0,0,0,0,0,0,0,0,0,0,0
1,1,1,2,2,2,2,2,2,2,2,2,"CUB862","Female","BSC",5,7,3,4,4,"30",1,1,1,2,2,2,2,2,2,2,2,2,"CUB862","CUB862",1,1,2,2,2,2,2,2,2,2,2,2,0,0,0,0,0,0,0,0,0,0,0,0,0,1,1,0,1,1,1,1,1,1,1,1,1
1,1,1,1,2,2,2,2,2,2,2,2,"FSM786","Male","MA",4,6,3,2,3,"90",1,1,1,1,1,1,1,1,1,2,2,2,"FSM786","FSM786",1,1,1,1,1,1,2,2,2,2,2,2,1,0,0,0,0,1,1,1,1,1,0,0,0,1,1,1,1,1,1,0,0,0,1,1,1
1,1,1,1,1,1,1,1,1,2,2,2,"M9A270","Male","MA",2,7,3,5,5,"15",NA,NA,NA,NA,NA,NA,NA,NA,NA,NA,NA,NA,NA,NA,NA,NA,NA,NA,NA,NA,NA,NA,NA,NA,NA,NA,NA,NA,NA,NA,NA,NA,NA,NA,NA,NA,NA,NA,NA,0,0,0,0,0,0,0,0,0,0,0,0
1,2,2,2,2,2,2,2,2,2,2,2,"XF4523","Male","MA",2,9,3,2,3,"25",NA,NA,NA,NA,NA,NA,NA,NA,NA,NA,NA,NA,NA,NA,NA,NA,NA,NA,NA,NA,NA,NA,NA,NA,NA,NA,NA,NA,NA,NA,NA,NA,NA,NA,NA,NA,NA,NA,NA,0,0,0,0,0,0,0,0,0,0,0,0
1,1,1,1,1,1,1,1,2,2,2,2,"VAM393","Male","MA",5,9,4,4,4,"60",1,1,1,1,1,1,1,1,1,1,1,1,"VAM393","VAM393",1,1,1,1,1,1,1,1,1,1,1,2,1,0,0,0,0,0,0,0,0,1,1,1,1,1,1,1,1,1,1,1,1,1,1,1,0
1,1,1,1,1,1,1,1,1,1,1,2,"GEL082","Female","MA",3,8,3,3,4,"7 napot",NA,NA,NA,NA,NA,NA,NA,NA,NA,NA,NA,NA,NA,NA,NA,NA,NA,NA,NA,NA,NA,NA,NA,NA,NA,NA,NA,NA,NA,NA,NA,NA,NA,NA,NA,NA,NA,NA,NA,0,0,0,0,0,0,0,0,0,0,0,0
1,1,2,2,2,2,2,2,2,2,2,2,"FYT033","Female","High School Graduation",4,6,2,3,5,"7",1,1,1,2,2,2,2,2,2,2,2,2,"FYT033","FYT033",1,1,1,2,2,2,2,2,2,2,2,2,0,0,0,1,0,0,0,0,0,0,0,0,0,1,1,0,1,1,1,1,1,1,1,1,1
1,2,2,2,2,2,2,2,2,2,2,2,"CKU719","Female","MA",5,7,2,2,5,"100",1,2,2,2,2,2,2,2,2,2,2,2,"CKU719",NA,NA,NA,NA,NA,NA,NA,NA,NA,NA,NA,NA,NA,NA,0,0,0,0,0,0,0,0,0,0,0,0,0,0,0,0,0,0,0,0,0,0,0,0
1,1,1,1,1,1,1,1,2,2,2,2,"HOX219","Male","MA",5,9,2,4,4,"30",NA,NA,NA,NA,NA,NA,NA,NA,NA,NA,NA,NA,NA,NA,NA,NA,NA,NA,NA,NA,NA,NA,NA,NA,NA,NA,NA,NA,NA,NA,NA,NA,NA,NA,NA,NA,NA,NA,NA,0,0,0,0,0,0,0,0,0,0,0,0
1,1,1,1,1,1,1,1,1,1,1,2,"RQV550","Male","High School Graduation",3,6,3,4,3,"30",1,1,1,1,1,1,1,1,1,1,1,2,"RQV550",NA,NA,NA,NA,NA,NA,NA,NA,NA,NA,NA,NA,NA,NA,0,0,0,0,0,0,0,0,0,0,0,0,0,0,0,0,0,0,0,0,0,0,0,0
1,1,1,1,1,1,1,1,1,1,2,2,"NNA825","Female","BSC",3,9,3,2,2,"60",NA,NA,NA,NA,NA,NA,NA,NA,NA,NA,NA,NA,NA,NA,NA,NA,NA,NA,NA,NA,NA,NA,NA,NA,NA,NA,NA,NA,NA,NA,NA,NA,NA,NA,NA,NA,NA,NA,NA,0,0,0,0,0,0,0,0,0,0,0,0
2,2,2,2,2,2,2,2,2,2,2,2,"IOZ080","Female","MA",4,6,2,3,4,"60",1,2,2,2,2,2,2,2,2,2,2,2,"IOZ080","IOZ080",1,2,2,2,2,2,2,2,2,2,2,2,1,1,0,0,0,0,0,0,0,0,0,0,0,1,1,1,1,1,1,1,1,1,1,1,1
1,1,1,1,1,1,1,2,2,2,2,2,"WF9376","Female","PhD",3,7,3,3,2,"60",NA,NA,NA,NA,NA,NA,NA,NA,NA,NA,NA,NA,NA,NA,NA,NA,NA,NA,NA,NA,NA,NA,NA,NA,NA,NA,NA,NA,NA,NA,NA,NA,NA,NA,NA,NA,NA,NA,NA,0,0,0,0,0,0,0,0,0,0,0,0
1,1,1,1,1,1,1,1,1,2,2,2,"O1J007","Female","BSC",5,8,3,3,4,"26",1,1,1,1,1,1,2,2,2,2,2,2,"O1J070","O1J007",1,1,1,1,1,1,1,1,1,1,1,2,0,0,0,0,0,0,0,-1,-1,-1,0,0,0,1,1,1,1,1,1,1,1,1,0,0,1
1,1,1,1,1,1,1,1,2,2,2,2,"A23347","Male","MA",3,8,3,4,4,"35",1,1,1,1,1,2,2,2,2,2,2,2,"A23347",NA,NA,NA,NA,NA,NA,NA,NA,NA,NA,NA,NA,NA,NA,0,0,0,0,0,-1,-1,-1,0,0,0,0,0,0,0,0,0,0,0,0,0,0,0,0
1,1,1,1,1,1,1,2,2,2,2,2,"Y2A734","Female","BSC",5,7,3,2,4,"30",1,1,1,1,1,2,2,2,2,2,2,2,"Y2A734","Y2A734",1,1,1,1,1,2,2,2,2,2,2,2,1,0,0,0,0,0,-1,-1,0,0,0,0,0,1,1,1,1,1,1,1,1,1,1,1,1
1,1,1,1,1,1,1,1,2,2,2,2,"DBF615","Female","Vocational School",4,5,3,3,4,"14",1,1,1,1,1,1,1,1,1,1,2,2,"DBF615","DBF615",1,1,1,1,1,1,1,1,1,2,2,2,0,0,0,0,0,0,0,0,0,1,1,0,0,1,1,1,1,1,1,1,1,0,1,1,1
1,1,1,1,1,1,1,1,1,1,1,1,"ZYJ049","Female","MA",5,8,3,3,3,"5",NA,NA,NA,NA,NA,NA,NA,NA,NA,NA,NA,NA,NA,NA,NA,NA,NA,NA,NA,NA,NA,NA,NA,NA,NA,NA,NA,NA,NA,NA,NA,NA,NA,NA,NA,NA,NA,NA,NA,0,0,0,0,0,0,0,0,0,0,0,0
1,2,2,2,2,2,2,2,2,2,2,2,"L7E656","Male","High School Graduation",4,7,2,4,4,"60",1,1,1,2,2,2,2,2,2,2,2,2,"L7E656",NA,NA,NA,NA,NA,NA,NA,NA,NA,NA,NA,NA,NA,NA,0,1,1,0,0,0,0,0,0,0,0,0,0,0,0,0,0,0,0,0,0,0,0,0
1,1,1,1,1,1,1,1,2,2,2,2,"IZQ207","Female","BSC",3,6,3,3,4,"20",1,1,1,1,1,1,1,2,2,2,2,2,"IZQ207","IZQ207",1,1,1,1,2,2,2,2,2,2,2,2,1,0,0,0,0,0,0,0,-1,0,0,0,0,1,1,1,1,0,0,0,1,1,1,1,1
1,2,2,2,2,2,2,2,2,2,2,2,"DIX760","Female","High School Graduation",4,6,2,3,4,"40",1,2,2,2,2,2,2,2,2,2,2,2,"DIX760","DIX760",1,2,2,2,2,2,2,2,2,2,2,2,1,0,0,0,0,0,0,0,0,0,0,0,0,1,1,1,1,1,1,1,1,1,1,1,1
1,2,2,2,2,2,2,2,2,2,2,2,"D13724","Female","MA",5,7,1,4,5,"30",1,2,2,2,2,2,2,2,2,2,2,2,"D13724","D13724",1,2,2,2,2,2,2,2,2,2,2,2,0,0,0,0,0,0,0,0,0,0,0,0,0,1,1,1,1,1,1,1,1,1,1,1,1
1,1,1,1,1,1,1,1,1,2,2,2,"H2P567","Male","MA",3,8,2,4,3,"40",NA,NA,NA,NA,NA,NA,NA,NA,NA,NA,NA,NA,NA,NA,NA,NA,NA,NA,NA,NA,NA,NA,NA,NA,NA,NA,NA,NA,NA,NA,NA,NA,NA,NA,NA,NA,NA,NA,NA,0,0,0,0,0,0,0,0,0,0,0,0
1,1,1,1,1,1,2,2,2,2,2,2,"MI6441","Male","MA",4,9,3,4,5,"14",NA,NA,NA,NA,NA,NA,NA,NA,NA,NA,NA,NA,NA,"MI6441",1,1,1,1,1,2,2,2,2,2,2,2,1,NA,NA,NA,NA,NA,NA,NA,NA,NA,NA,NA,NA,0,0,0,0,0,0,0,0,0,0,0,0
1,1,1,1,2,2,2,2,2,2,2,2,"SYG811","Female","MA",2,5,2,3,3,"30",1,1,1,1,1,2,2,1,2,2,2,2,"SYG811","SYG811",1,1,1,1,1,2,2,2,2,2,2,2,1,0,0,0,0,1,0,0,1,0,0,0,0,1,1,1,1,1,1,1,0,1,1,1,1
1,1,1,1,1,2,1,1,1,1,1,2,"XZO174","Female","MA",4,6,3,4,3,"1 hónap",NA,NA,NA,NA,NA,NA,NA,NA,NA,NA,NA,NA,NA,NA,NA,NA,NA,NA,NA,NA,NA,NA,NA,NA,NA,NA,NA,NA,NA,NA,NA,NA,NA,NA,NA,NA,NA,NA,NA,0,0,0,0,0,0,0,0,0,0,0,0
1,1,1,1,1,1,1,2,2,2,2,2,"AAAAAA","Female","BSC",3,6,2,4,3,"30",NA,NA,NA,NA,NA,NA,NA,NA,NA,NA,NA,NA,NA,NA,NA,NA,NA,NA,NA,NA,NA,NA,NA,NA,NA,NA,NA,NA,NA,NA,NA,NA,NA,NA,NA,NA,NA,NA,NA,0,0,0,0,0,0,0,0,0,0,0,0
1,1,1,1,1,1,1,1,1,1,1,1,"CRZ423","Male","Vocational School",4,8,3,2,1,"3",NA,NA,NA,NA,NA,NA,NA,NA,NA,NA,NA,NA,NA,NA,NA,NA,NA,NA,NA,NA,NA,NA,NA,NA,NA,NA,NA,NA,NA,NA,NA,NA,NA,NA,NA,NA,NA,NA,NA,0,0,0,0,0,0,0,0,0,0,0,0
1,1,1,1,1,2,2,2,2,2,2,2,"O5O970","Male","High School Graduation",4,5,3,3,2,"30",1,1,1,1,1,2,2,2,2,2,2,2,"O5O970",NA,NA,NA,NA,NA,NA,NA,NA,NA,NA,NA,NA,NA,NA,0,0,0,0,0,0,0,0,0,0,0,0,0,0,0,0,0,0,0,0,0,0,0,0
1,1,1,1,1,2,2,2,2,2,2,2,"GMF261","Female","PhD",5,7,3,3,4,"40",1,1,1,1,1,1,1,1,1,2,2,2,"GMF261",NA,NA,NA,NA,NA,NA,NA,NA,NA,NA,NA,NA,NA,NA,0,0,0,0,0,1,1,1,1,0,0,0,0,0,0,0,0,0,0,0,0,0,0,0
1,1,1,1,2,2,2,2,2,2,2,2,"H45111","Male","MA",3,8,3,3,4,"40",1,2,2,2,2,2,2,2,2,2,2,2,"H45111","H45111",1,2,2,2,2,2,2,2,2,2,2,2,1,0,-1,-1,-1,0,0,0,0,0,0,0,0,1,1,1,1,1,1,1,1,1,1,1,1
1,1,1,2,2,2,2,2,2,2,2,2,"G35161","Male","MA",5,8,2,3,4,"100",NA,NA,NA,NA,NA,NA,NA,NA,NA,NA,NA,NA,NA,NA,NA,NA,NA,NA,NA,NA,NA,NA,NA,NA,NA,NA,NA,NA,NA,NA,NA,NA,NA,NA,NA,NA,NA,NA,NA,0,0,0,0,0,0,0,0,0,0,0,0
1,2,2,2,2,2,2,2,2,2,2,2,NA,"Male","High School Graduation",4,6,2,3,4,"30",NA,NA,NA,NA,NA,NA,NA,NA,NA,NA,NA,NA,NA,NA,NA,NA,NA,NA,NA,NA,NA,NA,NA,NA,NA,NA,NA,NA,NA,NA,NA,NA,NA,NA,NA,NA,NA,NA,NA,0,0,0,0,0,0,0,0,0,0,0,0
1,1,1,1,1,1,2,2,2,2,2,2,"DNS134","Female","High School Graduation",1,4,3,3,4,"18",NA,NA,NA,NA,NA,NA,NA,NA,NA,NA,NA,NA,NA,NA,NA,NA,NA,NA,NA,NA,NA,NA,NA,NA,NA,NA,NA,NA,NA,NA,NA,NA,NA,NA,NA,NA,NA,NA,NA,0,0,0,0,0,0,0,0,0,0,0,0
1,1,1,1,1,2,2,2,2,2,2,2,"TGA342","Male","PhD",2,9,3,4,2,"60",1,1,1,1,1,1,1,1,1,2,2,2,"TGA342",NA,NA,NA,NA,NA,NA,NA,NA,NA,NA,NA,NA,NA,NA,0,0,0,0,0,1,1,1,1,0,0,0,0,0,0,0,0,0,0,0,0,0,0,0
1,2,2,2,2,2,2,2,2,2,2,2,"DT9760","Male","BSC",4,7,3,3,4,"75",NA,NA,NA,NA,NA,NA,NA,NA,NA,NA,NA,NA,NA,NA,NA,NA,NA,NA,NA,NA,NA,NA,NA,NA,NA,NA,NA,NA,NA,NA,NA,NA,NA,NA,NA,NA,NA,NA,NA,0,0,0,0,0,0,0,0,0,0,0,0
1,1,2,2,2,2,2,2,2,2,2,2,"CGR233","Male","MA",3,8,4,5,5,"600",1,2,2,2,2,2,2,2,2,2,2,2,"CGR233",NA,NA,NA,NA,NA,NA,NA,NA,NA,NA,NA,NA,NA,NA,0,-1,0,0,0,0,0,0,0,0,0,0,0,0,0,0,0,0,0,0,0,0,0,0
1,1,2,2,2,2,2,2,2,2,2,2,"EN3122","Female","BSC",4,6,3,4,3,"45 nap",NA,NA,NA,NA,NA,NA,NA,NA,NA,NA,NA,NA,NA,"EN3122",1,1,1,2,2,2,2,2,2,2,2,2,1,NA,NA,NA,NA,NA,NA,NA,NA,NA,NA,NA,NA,0,0,0,0,0,0,0,0,0,0,0,0
1,1,1,2,2,2,2,2,2,2,2,2,"FI1664","Male","BSC",5,7,4,3,3,NA,NA,NA,NA,NA,NA,NA,NA,NA,NA,NA,NA,NA,NA,"FI1664",1,1,1,1,2,2,2,2,2,2,2,2,1,NA,NA,NA,NA,NA,NA,NA,NA,NA,NA,NA,NA,0,0,0,0,0,0,0,0,0,0,0,0
1,2,2,2,2,2,2,2,2,2,2,2,"XST586","Male","High School Graduation",5,9,4,4,5,"20",NA,NA,NA,NA,NA,NA,NA,NA,NA,NA,NA,NA,NA,NA,NA,NA,NA,NA,NA,NA,NA,NA,NA,NA,NA,NA,NA,NA,NA,NA,NA,NA,NA,NA,NA,NA,NA,NA,NA,0,0,0,0,0,0,0,0,0,0,0,0
1,2,2,2,2,2,2,2,2,2,2,2,"LYT039","Male","High School Graduation",4,8,4,2,4,"90",1,1,2,2,2,2,2,2,2,2,2,2,"LYT039","LYT039",1,2,2,2,2,2,2,2,2,2,2,2,1,0,1,0,0,0,0,0,0,0,0,0,0,1,0,1,1,1,1,1,1,1,1,1,1
1,1,1,1,1,1,1,1,2,2,2,2,"FIJ396","Female","High School Graduation",3,6,4,3,2,"21",NA,NA,NA,NA,NA,NA,NA,NA,NA,NA,NA,NA,NA,NA,NA,NA,NA,NA,NA,NA,NA,NA,NA,NA,NA,NA,NA,NA,NA,NA,NA,NA,NA,NA,NA,NA,NA,NA,NA,0,0,0,0,0,0,0,0,0,0,0,0
2,1,1,1,1,1,1,1,1,1,1,1,"X9U366","Male","MA",1,7,2,4,2,"5hét",1,1,1,1,1,1,1,1,1,2,2,2,"X9U366","X9U366",1,1,1,1,1,1,1,1,1,1,2,2,0,1,0,0,0,0,0,0,0,0,-1,-1,-1,0,1,1,1,1,1,1,1,1,1,0,0
1,1,1,1,1,1,1,1,1,1,2,2,"QOM880","Male","High School Graduation",1,5,3,4,3,"30",NA,NA,NA,NA,NA,NA,NA,NA,NA,NA,NA,NA,NA,NA,NA,NA,NA,NA,NA,NA,NA,NA,NA,NA,NA,NA,NA,NA,NA,NA,NA,NA,NA,NA,NA,NA,NA,NA,NA,0,0,0,0,0,0,0,0,0,0,0,0
2,2,2,2,2,2,2,2,2,2,2,2,"OLP744","Female","PhD",4,6,2,4,2,"1000",1,1,1,1,1,1,1,1,2,2,2,2,"OLP744",NA,NA,NA,NA,NA,NA,NA,NA,NA,NA,NA,NA,NA,NA,1,1,1,1,1,1,1,1,0,0,0,0,0,0,0,0,0,0,0,0,0,0,0,0
1,1,1,1,1,1,1,1,1,2,2,2,"E3G571","Male","MA",3,7,4,3,5,"365",1,1,1,1,1,1,1,1,1,2,2,2,"E3G571",NA,NA,NA,NA,NA,NA,NA,NA,NA,NA,NA,NA,NA,NA,0,0,0,0,0,0,0,0,0,0,0,0,0,0,0,0,0,0,0,0,0,0,0,0
1,1,1,1,1,1,1,1,1,2,2,2,"D3J536","Male","MA",4,7,2,4,2,"21",1,1,1,1,1,1,1,2,2,2,2,2,"D3J536","D3J536",1,1,1,1,1,2,2,2,2,2,2,2,1,0,0,0,0,0,0,0,-1,-1,0,0,0,1,1,1,1,1,0,0,1,1,1,1,1
1,1,1,2,2,2,2,2,2,2,2,2,"BWX199","Female","BSC",5,8,3,2,4,"10",NA,NA,NA,NA,NA,NA,NA,NA,NA,NA,NA,NA,NA,"BWX199",1,1,2,2,2,2,2,2,2,2,2,2,1,NA,NA,NA,NA,NA,NA,NA,NA,NA,NA,NA,NA,0,0,0,0,0,0,0,0,0,0,0,0
1,1,1,1,1,1,1,1,2,2,2,2,"DEV152","Male","MA",4,10,3,3,4,"21",1,1,1,1,1,1,1,1,2,2,2,2,"DEV152","DEV152",1,1,1,1,1,1,1,1,2,2,2,2,1,0,0,0,0,0,0,0,0,0,0,0,0,1,1,1,1,1,1,1,1,1,1,1,1
1,1,1,1,2,2,2,2,2,2,2,2,"ZOV211","Female","MA",4,6,2,3,4,"20",NA,NA,NA,NA,NA,NA,NA,NA,NA,NA,NA,NA,NA,"ZOV211",1,1,1,2,2,2,2,2,2,2,2,2,1,NA,NA,NA,NA,NA,NA,NA,NA,NA,NA,NA,NA,0,0,0,0,0,0,0,0,0,0,0,0
1,1,1,1,1,2,2,2,2,2,2,2,"ON8858","Male","BSC",5,9,3,4,5,"30",1,1,1,1,1,2,2,2,2,2,2,2,"ON8858","ON8858",1,1,1,1,1,2,2,2,2,2,2,2,0,0,0,0,0,0,0,0,0,0,0,0,0,1,1,1,1,1,1,1,1,1,1,1,1
1,1,1,1,1,2,2,2,2,2,2,2,"EFK704","Male","MA",3,7,2,4,4,"14",1,1,1,1,2,2,2,2,2,2,2,2,"EFK704","EFK704",1,1,1,1,2,2,2,2,2,2,2,2,1,0,0,0,0,-1,0,0,0,0,0,0,0,1,1,1,1,1,1,1,1,1,1,1,1
1,1,1,1,1,1,1,2,2,2,2,2,"IB7562","Female","BSC",3,7,2,3,4,"18",1,1,1,1,1,1,1,1,2,2,2,2,"IB7562",NA,NA,NA,NA,NA,NA,NA,NA,NA,NA,NA,NA,NA,NA,0,0,0,0,0,0,0,1,0,0,0,0,0,0,0,0,0,0,0,0,0,0,0,0
1,1,1,1,1,1,1,2,2,2,2,2,"NLB970","Female","BSC",3,7,3,2,3,"14",1,1,1,1,1,1,2,2,2,2,2,2,"NLB970","NLB970",1,1,1,1,1,1,1,2,2,2,2,2,0,0,0,0,0,0,0,-1,0,0,0,0,0,1,1,1,1,1,1,1,1,1,1,1,1
2,2,2,2,2,2,2,2,2,2,2,2,"CX1317","Female","MA",3,2,3,4,4,"3hetet",1,1,1,1,1,1,1,2,2,2,2,2,"CX1317","CX1317",1,1,1,1,1,2,2,2,2,2,2,2,1,1,1,1,1,1,1,1,0,0,0,0,0,1,1,1,1,1,0,0,1,1,1,1,1
1,1,2,2,2,2,2,2,2,2,2,2,"KTJ263","Male","MA",2,6,4,4,4,"30",1,1,1,1,2,2,2,2,2,2,2,2,"KTJ263","KTJ263",1,1,1,1,2,2,2,2,2,2,2,2,0,0,0,1,1,0,0,0,0,0,0,0,0,1,1,0,0,1,1,1,1,1,1,1,1
1,1,1,1,1,1,1,1,2,2,2,2,"QM1806","Male","BSC",3,9,3,4,4,"30",1,1,1,1,1,1,1,1,1,1,1,1,"QM1806","QM1806",1,1,1,1,1,1,1,1,2,2,2,2,0,0,0,0,0,0,0,0,0,1,1,1,1,1,1,1,1,1,1,1,1,1,1,1,1
1,2,2,2,2,2,2,2,2,2,2,2,"IVM334","Female","BSC",4,6,2,4,5,"30",1,2,2,2,2,2,2,2,2,2,2,2,"IVM334",NA,NA,NA,NA,NA,NA,NA,NA,NA,NA,NA,NA,NA,NA,0,0,0,0,0,0,0,0,0,0,0,0,0,0,0,0,0,0,0,0,0,0,0,0
1,2,2,2,2,2,2,2,2,2,2,2,"QLO122","Female","MA",5,8,2,2,4,"50",NA,NA,NA,NA,NA,NA,NA,NA,NA,NA,NA,NA,NA,NA,NA,NA,NA,NA,NA,NA,NA,NA,NA,NA,NA,NA,NA,NA,NA,NA,NA,NA,NA,NA,NA,NA,NA,NA,NA,0,0,0,0,0,0,0,0,0,0,0,0
1,1,1,1,1,2,2,2,2,2,2,2,"DF8122","Male","MA",5,7,2,3,3,"28",1,1,1,2,2,2,2,2,2,2,2,2,"DF8122",NA,NA,NA,NA,NA,NA,NA,NA,NA,NA,NA,NA,NA,NA,0,0,0,-1,-1,0,0,0,0,0,0,0,0,0,0,0,0,0,0,0,0,0,0,0
1,1,1,1,1,1,1,1,1,2,2,2,"Q24299","Male","BSC",5,8,2,4,4,"30",NA,NA,NA,NA,NA,NA,NA,NA,NA,NA,NA,NA,NA,"Q24299",1,1,1,1,1,1,1,1,2,2,2,2,0,NA,NA,NA,NA,NA,NA,NA,NA,NA,NA,NA,NA,1,1,1,1,1,1,1,1,0,1,1,1
1,2,2,2,2,2,2,2,2,2,2,2,"R9A110","Male","MA",2,7,2,3,3,"90",1,2,2,2,2,2,2,2,2,2,2,2,"R9A110","R9A110",1,2,2,2,2,2,2,2,2,2,2,2,0,0,0,0,0,0,0,0,0,0,0,0,0,1,1,1,1,1,1,1,1,1,1,1,1
1,1,1,1,1,1,2,2,2,2,2,2,"DRP287","Male","High School Graduation",4,6,3,4,3,"21",NA,NA,NA,NA,NA,NA,NA,NA,NA,NA,NA,NA,NA,"DRP287",1,1,1,1,1,1,2,2,2,2,2,2,1,NA,NA,NA,NA,NA,NA,NA,NA,NA,NA,NA,NA,0,0,0,0,0,0,0,0,0,0,0,0
1,1,1,1,1,2,2,2,2,2,2,2,"S0B183","Female","Vocational School",5,6,2,3,4,"30",1,1,1,1,1,2,2,2,2,2,2,2,"S0B183","S0B183",1,1,1,1,1,2,2,2,2,2,2,2,1,0,0,0,0,0,0,0,0,0,0,0,0,1,1,1,1,1,1,1,1,1,1,1,1
1,1,1,2,2,2,2,2,2,2,2,2,"F1A136","Female","MA",4,8,3,3,3,"60",1,1,1,2,2,2,2,2,2,2,2,2,"F1A136",NA,NA,NA,NA,NA,NA,NA,NA,NA,NA,NA,NA,NA,NA,0,0,0,0,0,0,0,0,0,0,0,0,0,0,0,0,0,0,0,0,0,0,0,0
1,1,1,1,2,2,2,2,2,2,2,2,"Q77543","Male","MA",3,8,3,3,5,"60",1,1,1,1,2,2,2,2,2,2,2,2,"Q77543","Q77543",1,1,1,2,2,2,2,2,2,2,2,2,1,0,0,0,0,0,0,0,0,0,0,0,0,1,1,1,0,1,1,1,1,1,1,1,1
1,1,1,1,1,1,1,1,1,1,2,2,"HXD555","Male","MA",2,9,4,2,4,"21",1,1,1,1,1,1,1,1,1,1,1,2,"HXD555",NA,NA,NA,NA,NA,NA,NA,NA,NA,NA,NA,NA,NA,NA,0,0,0,0,0,0,0,0,0,0,1,0,0,0,0,0,0,0,0,0,0,0,0,0
1,1,1,1,1,1,1,1,1,1,1,1,"E2Q927","Male","High School Graduation",3,7,3,4,4,"10",1,1,1,1,1,2,2,2,2,2,2,2,"E2Q927","E2Q927",1,1,1,1,1,2,2,2,2,2,2,2,1,0,0,0,0,0,-1,-1,-1,-1,-1,-1,-1,1,1,1,1,1,1,1,1,1,1,1,1
1,1,1,1,1,2,2,2,2,2,2,2,"HT3514","Male","BSC",2,9,3,5,5,"120",NA,NA,NA,NA,NA,NA,NA,NA,NA,NA,NA,NA,NA,NA,NA,NA,NA,NA,NA,NA,NA,NA,NA,NA,NA,NA,NA,NA,NA,NA,NA,NA,NA,NA,NA,NA,NA,NA,NA,0,0,0,0,0,0,0,0,0,0,0,0
1,2,2,2,2,2,2,2,2,2,2,2,"EXS217","Male","BSC",2,6,3,3,4,"30",NA,NA,NA,NA,NA,NA,NA,NA,NA,NA,NA,NA,NA,NA,NA,NA,NA,NA,NA,NA,NA,NA,NA,NA,NA,NA,NA,NA,NA,NA,NA,NA,NA,NA,NA,NA,NA,NA,NA,0,0,0,0,0,0,0,0,0,0,0,0
1,1,1,1,1,1,1,2,2,2,2,2,"FXG698","Male","BSC",5,6,2,3,3,"14",1,1,1,1,1,1,1,1,1,1,1,2,"FXG698","FXG698",1,1,1,1,1,1,1,1,1,1,1,2,1,0,0,0,0,0,0,0,1,1,1,1,0,1,1,1,1,1,1,1,1,1,1,1,1
1,2,2,2,2,2,2,2,2,2,2,2,"TT0645","Male","MA",2,7,3,3,4,"30",1,2,2,2,2,2,2,2,2,2,2,2,"TT0645",NA,NA,NA,NA,NA,NA,NA,NA,NA,NA,NA,NA,NA,NA,0,0,0,0,0,0,0,0,0,0,0,0,0,0,0,0,0,0,0,0,0,0,0,0
1,1,1,1,2,2,2,2,2,2,2,2,"XBJ 03","Female","MA",4,8,3,3,4,"40",NA,NA,NA,NA,NA,NA,NA,NA,NA,NA,NA,NA,NA,"XBJ 03",1,1,1,2,2,2,2,2,2,2,2,2,0,NA,NA,NA,NA,NA,NA,NA,NA,NA,NA,NA,NA,1,1,1,0,1,1,1,1,1,1,1,1
1,1,1,2,2,2,2,2,2,2,2,2,"AYZ698","Female","MA",5,7,3,2,3,"20",NA,NA,NA,NA,NA,NA,NA,NA,NA,NA,NA,NA,NA,"AYZ698",1,1,1,1,1,2,2,2,2,2,2,2,0,NA,NA,NA,NA,NA,NA,NA,NA,NA,NA,NA,NA,1,1,1,0,0,1,1,1,1,1,1,1
1,1,2,2,2,2,2,2,2,2,2,2,"BIK791","Male","MA",2,5,2,3,4,"365",NA,NA,NA,NA,NA,NA,NA,NA,NA,NA,NA,NA,NA,NA,NA,NA,NA,NA,NA,NA,NA,NA,NA,NA,NA,NA,NA,NA,NA,NA,NA,NA,NA,NA,NA,NA,NA,NA,NA,0,0,0,0,0,0,0,0,0,0,0,0
1,1,1,1,1,1,1,1,1,1,1,2,"R1H812","Male","MA",5,10,3,4,2,"15",1,1,1,1,1,1,1,1,1,1,1,2,"R1H812","R1H812",1,1,1,1,1,1,1,1,1,1,1,2,1,0,0,0,0,0,0,0,0,0,0,0,0,1,1,1,1,1,1,1,1,1,1,1,1
1,1,1,1,1,1,1,1,2,2,2,2,"DHM052","Male","MA",4,8,2,3,4,"30",1,1,1,1,1,1,1,2,2,2,2,2,"DHM052","DHM052",1,1,1,1,1,1,1,1,2,2,2,2,1,0,0,0,0,0,0,0,-1,0,0,0,0,1,1,1,1,1,1,1,0,1,1,1,1
1,2,2,2,2,2,2,2,2,2,2,2,"I4N930","Male","MA",4,7,3,4,4,"365",1,2,2,2,2,2,2,2,2,2,2,2,"I4N930",NA,NA,NA,NA,NA,NA,NA,NA,NA,NA,NA,NA,NA,NA,0,0,0,0,0,0,0,0,0,0,0,0,0,0,0,0,0,0,0,0,0,0,0,0
2,2,2,2,2,2,2,2,2,2,2,2,"FU5385","Female","Vocational School",5,3,3,3,4,"60",1,1,1,1,1,1,1,1,1,1,1,1,"FU5385","FU5385",1,1,1,1,1,1,1,1,1,1,1,1,1,1,1,1,1,1,1,1,1,1,1,1,1,1,1,1,1,1,1,1,1,1,1,1,1
1,2,2,2,2,2,2,2,2,2,2,2,"GX5866","Male","BSC",5,6,4,3,5,"113",1,2,2,2,2,2,2,2,2,2,2,2,"GX5866","GX5866",1,2,2,2,2,2,2,2,2,2,2,2,1,0,0,0,0,0,0,0,0,0,0,0,0,1,1,1,1,1,1,1,1,1,1,1,1
1,1,2,2,2,2,2,2,2,2,2,2,"FYP772","Male","MA",2,8,4,4,5,"366",1,1,2,2,2,2,2,2,2,2,2,2,"FYP772","FYP772",1,1,2,2,2,2,2,2,2,2,2,2,0,0,0,0,0,0,0,0,0,0,0,0,0,1,1,1,1,1,1,1,1,1,1,1,1
1,1,1,1,1,1,1,1,1,1,2,2,"YSB065","Male","MA",4,8,3,4,4,"15",1,1,1,1,1,1,1,1,1,2,2,2,"YSB506","YSB506",1,1,1,1,1,1,1,1,1,2,2,2,1,0,0,0,0,0,0,0,0,0,-1,0,0,1,1,1,1,1,1,1,1,1,1,1,1
1,1,1,1,1,1,1,2,2,2,2,2,"EYH576","Male","BSC",5,9,3,4,2,"90",NA,NA,NA,NA,NA,NA,NA,NA,NA,NA,NA,NA,NA,"EYH576",1,1,1,1,1,1,1,2,2,2,2,2,0,NA,NA,NA,NA,NA,NA,NA,NA,NA,NA,NA,NA,1,1,1,1,1,1,1,1,1,1,1,1
1,1,1,1,1,1,2,2,2,2,2,2,"FHM969","Female","BSC",5,6,3,4,4,"35",NA,NA,NA,NA,NA,NA,NA,NA,NA,NA,NA,NA,NA,"FHM969",1,1,1,1,1,2,2,2,2,2,2,2,1,NA,NA,NA,NA,NA,NA,NA,NA,NA,NA,NA,NA,0,0,0,0,0,0,0,0,0,0,0,0
1,1,1,1,1,1,1,1,2,2,2,2,"M5Q010","Male","MA",2,7,4,3,4,"90",1,1,1,1,1,1,1,1,2,2,2,2,"M5Q010","M5Q010",1,1,1,1,1,1,1,1,2,2,2,2,1,0,0,0,0,0,0,0,0,0,0,0,0,1,1,1,1,1,1,1,1,1,1,1,1
1,2,2,2,2,2,2,2,2,2,2,2,"IQC761","Male","BSC",5,6,3,2,3,"30",1,1,1,2,2,2,2,2,2,2,2,2,"IQC761","IQC761",1,1,2,2,2,2,2,2,2,2,2,2,1,0,1,1,0,0,0,0,0,0,0,0,0,1,1,0,1,1,1,1,1,1,1,1,1
1,1,1,1,1,1,1,1,1,1,1,2,"GWR988","Male","MA",2,9,1,4,4,"25",1,1,1,1,1,1,1,1,1,1,1,1,"GWR988",NA,NA,NA,NA,NA,NA,NA,NA,NA,NA,NA,NA,NA,NA,0,0,0,0,0,0,0,0,0,0,0,1,0,0,0,0,0,0,0,0,0,0,0,0
1,1,1,1,2,2,2,2,2,2,2,2,"WLT150","Male","MA",5,7,2,3,4,"60",1,1,1,1,1,2,2,2,2,2,2,2,"WLT150","WLT150",1,1,1,1,2,2,2,2,2,2,2,2,1,0,0,0,0,1,0,0,0,0,0,0,0,1,1,1,1,0,1,1,1,1,1,1,1
1,2,2,2,2,2,2,2,2,2,2,2,"EQS373","Male","BSC",2,7,3,4,3,"180",1,1,1,1,2,2,2,2,2,2,2,2,"EQS373",NA,NA,NA,NA,NA,NA,NA,NA,NA,NA,NA,NA,NA,NA,0,1,1,1,0,0,0,0,0,0,0,0,0,0,0,0,0,0,0,0,0,0,0,0
1,1,2,2,2,2,2,2,2,2,2,2,"AGO506","Female","MA",5,9,3,2,4,"60",1,1,1,1,1,2,2,2,2,2,2,2,"AGO506","AGO506",1,1,1,1,1,2,2,2,2,2,2,2,1,0,0,1,1,1,0,0,0,0,0,0,0,1,1,1,1,1,1,1,1,1,1,1,1
1,2,2,2,2,2,2,2,2,2,2,2,"FE8693","Male","MA",5,6,3,4,4,"100",1,2,2,2,2,2,2,2,2,2,2,2,"FE8693","FE8693",1,2,2,2,2,2,2,2,2,2,2,2,1,0,0,0,0,0,0,0,0,0,0,0,0,1,1,1,1,1,1,1,1,1,1,1,1
1,1,1,2,2,2,2,2,2,2,2,2,"S82910","Female","MA",2,7,4,2,5,"30",1,1,1,1,1,1,1,1,1,2,2,2,"S82910","S82910",1,1,1,1,1,1,1,1,1,2,2,2,0,0,0,0,1,1,1,1,1,1,0,0,0,1,1,1,0,0,0,0,0,0,1,1,1
1,1,1,1,1,1,1,1,1,2,2,2,"EQJ253","Male","MA",5,8,3,3,2,"40",1,1,1,1,1,1,1,1,1,1,1,1,"EQJ253","EQJ253",1,1,1,1,1,1,1,1,1,2,2,2,1,0,0,0,0,0,0,0,0,0,1,1,1,1,1,1,1,1,1,1,1,1,0,0,0
1,1,1,1,1,1,1,1,1,1,1,1,"YIM620","Male","BSC",5,7,3,4,5,"14",1,1,1,1,1,1,1,1,1,1,1,1,"YIM620","YIM620",1,1,1,1,1,1,1,1,1,1,1,1,1,0,0,0,0,0,0,0,0,0,0,0,0,1,1,1,1,1,1,1,1,1,1,1,1
1,1,1,1,1,2,2,2,2,2,2,2,"A90433","Male","MA",5,9,3,3,4,"45",1,1,1,1,1,1,1,1,1,2,2,2,"A90433",NA,NA,NA,NA,NA,NA,NA,NA,NA,NA,NA,NA,NA,NA,0,0,0,0,0,1,1,1,1,0,0,0,0,0,0,0,0,0,0,0,0,0,0,0
1,1,1,1,1,2,2,2,2,2,2,2,"APS245","Male","BSC",5,6,2,3,3,"30",1,1,1,1,2,2,2,2,2,2,2,2,"APS245","APS455",1,1,1,1,1,2,2,2,2,2,2,2,1,0,0,0,0,-1,0,0,0,0,0,0,0,1,1,1,1,0,1,1,1,1,1,1,1
1,1,1,1,1,2,2,2,2,2,2,2,NA,"Male","BSC",4,6,3,4,3,"40",NA,NA,NA,NA,NA,NA,NA,NA,NA,NA,NA,NA,NA,NA,NA,NA,NA,NA,NA,NA,NA,NA,NA,NA,NA,NA,NA,NA,NA,NA,NA,NA,NA,NA,NA,NA,NA,NA,NA,0,0,0,0,0,0,0,0,0,0,0,0
1,1,2,2,2,2,2,2,2,2,2,2,"LV1788","Male","MA",3,7,2,3,3,"60",1,1,1,1,1,2,2,2,2,2,2,2,"LV1788","LV1788",1,1,1,1,1,2,2,2,2,2,2,2,1,0,0,1,1,1,0,0,0,0,0,0,0,1,1,1,1,1,1,1,1,1,1,1,1
1,1,1,1,1,1,1,1,2,2,2,2,"JPH623","Male","BSC",2,9,3,4,4,"30",1,1,1,1,1,1,1,1,1,1,1,1,"JPH232",NA,NA,NA,NA,NA,NA,NA,NA,NA,NA,NA,NA,NA,NA,0,0,0,0,0,0,0,0,1,1,1,1,0,0,0,0,0,0,0,0,0,0,0,0
1,1,1,1,2,2,2,2,2,2,2,2,"FM6878","Female","BSC",4,7,2,4,3,"30",1,1,1,1,1,1,1,1,1,2,2,2,"FM6878","FM6878",1,1,1,1,1,1,2,2,2,2,2,2,1,0,0,0,0,1,1,1,1,1,0,0,0,1,1,1,1,1,1,0,0,0,1,1,1
1,1,1,1,1,1,1,2,2,2,2,2,"EU3882","Female","MA",5,7,3,3,4,"50",1,1,1,1,1,2,2,2,2,2,2,2,"EU3882","EU3882",1,1,1,1,1,1,2,2,2,2,2,2,0,0,0,0,0,0,-1,-1,0,0,0,0,0,1,1,1,1,1,1,0,1,1,1,1,1
1,1,1,1,1,1,1,1,1,1,1,1,"Q59789","Female","MA",4,7,2,3,4,"16",1,1,1,1,1,1,1,1,1,1,1,1,"Q59789","Q59789",1,1,1,1,1,1,1,1,1,1,1,1,1,0,0,0,0,0,0,0,0,0,0,0,0,1,1,1,1,1,1,1,1,1,1,1,1
1,1,1,2,2,2,2,2,2,1,1,2,"N3Q197","Male","BSC",3,7,3,4,4,"20",1,1,1,1,1,1,1,1,1,2,2,2,"N3Q197","N3Q197",1,1,1,1,1,2,1,1,1,1,2,2,0,0,0,0,1,1,1,1,1,1,-1,-1,0,1,1,1,0,0,1,0,0,0,1,0,1
1,1,1,1,1,1,2,2,2,2,2,2,"SHZ028","Male","BSC",1,3,4,4,4,"30",1,1,1,1,1,1,1,1,2,2,2,2,"SHZ028",NA,NA,NA,NA,NA,NA,NA,NA,NA,NA,NA,NA,NA,NA,0,0,0,0,0,0,1,1,0,0,0,0,0,0,0,0,0,0,0,0,0,0,0,0
1,1,1,2,2,2,2,2,2,2,2,2,"ZT6035","Male","BSC",4,7,3,4,4,"30",NA,NA,NA,NA,NA,NA,NA,NA,NA,NA,NA,NA,NA,NA,NA,NA,NA,NA,NA,NA,NA,NA,NA,NA,NA,NA,NA,NA,NA,NA,NA,NA,NA,NA,NA,NA,NA,NA,NA,0,0,0,0,0,0,0,0,0,0,0,0
1,1,1,1,2,2,2,2,2,2,2,2,"J5S494","Female","BSC",4,4,3,2,3,"60",1,1,1,1,2,2,2,2,2,2,2,2,"J5S494","J5S494",1,1,1,1,2,2,2,2,2,2,2,2,0,0,0,0,0,0,0,0,0,0,0,0,0,1,1,1,1,1,1,1,1,1,1,1,1
1,1,1,2,2,2,2,2,2,2,2,2,"EIP297","Male","MA",5,7,3,4,4,"125",NA,NA,NA,NA,NA,NA,NA,NA,NA,NA,NA,NA,NA,"EIP297",1,1,1,1,1,1,1,2,2,2,2,2,1,NA,NA,NA,NA,NA,NA,NA,NA,NA,NA,NA,NA,0,0,0,0,0,0,0,0,0,0,0,0
2,2,2,2,2,2,2,2,2,2,2,2,"IOW452","Female","MA",5,6,3,2,3,"30",NA,NA,NA,NA,NA,NA,NA,NA,NA,NA,NA,NA,NA,"IOW452",1,2,2,2,2,2,2,2,2,2,2,2,0,NA,NA,NA,NA,NA,NA,NA,NA,NA,NA,NA,NA,0,1,1,1,1,1,1,1,1,1,1,1
1,2,2,2,2,2,2,2,2,2,2,2,"UXZ931","Female","High School Graduation",4,7,4,4,3,"4 hetet",NA,NA,NA,NA,NA,NA,NA,NA,NA,NA,NA,NA,NA,NA,NA,NA,NA,NA,NA,NA,NA,NA,NA,NA,NA,NA,NA,NA,NA,NA,NA,NA,NA,NA,NA,NA,NA,NA,NA,0,0,0,0,0,0,0,0,0,0,0,0
1,1,1,1,1,2,2,2,2,2,2,2,"HZU992","Female","MA",5,7,3,3,3,"90",1,1,1,1,2,2,2,2,2,2,2,2,"HZU992","HZU992",1,1,1,1,1,1,1,2,2,2,2,2,1,0,0,0,0,-1,0,0,0,0,0,0,0,1,1,1,1,0,0,0,1,1,1,1,1
1,1,1,1,1,1,1,1,1,2,2,2,"NCL025","Male","MA",5,9,1,3,4,"14",NA,NA,NA,NA,NA,NA,NA,NA,NA,NA,NA,NA,NA,"NCL025",1,1,1,1,1,1,1,1,1,1,1,1,0,NA,NA,NA,NA,NA,NA,NA,NA,NA,NA,NA,NA,1,1,1,1,1,1,1,1,1,0,0,0
1,1,1,1,2,2,2,2,2,2,2,2,"Q3L180","Male","BSC",5,8,1,3,4,"500",1,1,1,1,2,2,2,2,2,2,2,2,"Q3L180","Q3L180",1,1,1,1,2,2,2,2,2,2,2,2,0,0,0,0,0,0,0,0,0,0,0,0,0,1,1,1,1,1,1,1,1,1,1,1,1
1,1,1,1,1,2,2,2,2,2,2,2,"N1L470","Male","BSC",4,8,3,5,5,"10",1,1,1,1,1,1,1,1,1,1,1,1,"N1L470",NA,NA,NA,NA,NA,NA,NA,NA,NA,NA,NA,NA,NA,NA,0,0,0,0,0,1,1,1,1,1,1,1,0,0,0,0,0,0,0,0,0,0,0,0
1,2,2,2,2,2,2,2,2,2,2,2,"CF3993","Male","High School Graduation",5,8,3,3,4,"30",1,1,1,1,1,2,2,2,2,2,2,2,"CF3993","CF3993",1,2,2,2,2,2,2,2,2,2,2,2,0,0,1,1,1,1,0,0,0,0,0,0,0,1,1,1,1,1,1,1,1,1,1,1,1
1,1,1,1,2,2,2,2,2,2,2,2,"U8W541","Female","BSC",3,7,2,3,3,"7",1,1,1,1,1,2,2,2,2,2,2,2,"U8W541","U8W541",1,1,1,1,1,2,2,2,2,2,2,2,1,0,0,0,0,1,0,0,0,0,0,0,0,1,1,1,1,1,1,1,1,1,1,1,1
1,1,1,1,1,2,2,2,2,2,2,2,"AXB553","Male","BSC",4,7,4,3,2,"1 hónap",1,1,1,1,1,2,2,2,2,2,2,2,"AXB553",NA,NA,NA,NA,NA,NA,NA,NA,NA,NA,NA,NA,NA,NA,0,0,0,0,0,0,0,0,0,0,0,0,0,0,0,0,0,0,0,0,0,0,0,0
1,2,2,2,2,2,2,2,2,2,2,2,"RSQ350","Male","BSC",5,8,2,3,5,"50",1,2,2,2,2,2,2,2,2,2,2,2,"RSQ350","RSQ350",1,2,2,2,2,2,2,2,2,2,2,2,1,0,0,0,0,0,0,0,0,0,0,0,0,1,1,1,1,1,1,1,1,1,1,1,1
1,1,2,2,2,2,2,2,2,2,2,2,"EX6330","Male","High School Graduation",5,8,2,3,4,"30",1,1,1,2,2,2,2,2,2,2,2,2,"EX6330",NA,NA,NA,NA,NA,NA,NA,NA,NA,NA,NA,NA,NA,NA,0,0,1,0,0,0,0,0,0,0,0,0,0,0,0,0,0,0,0,0,0,0,0,0
2,2,2,2,2,2,2,2,2,2,2,2,"TBY980","Female","MA",5,8,4,2,4,"21",1,2,2,2,2,2,2,2,2,2,2,2,"TBY980","TBY980",1,2,2,2,2,2,2,2,2,2,2,2,0,1,0,0,0,0,0,0,0,0,0,0,0,0,1,1,1,1,1,1,1,1,1,1,1
1,1,1,1,1,1,1,1,1,1,1,1,"ZBL355","Male","PhD",2,10,3,3,5,"5",NA,NA,NA,NA,NA,NA,NA,NA,NA,NA,NA,NA,NA,"ZBL355",1,1,1,1,1,1,1,1,1,1,1,2,1,NA,NA,NA,NA,NA,NA,NA,NA,NA,NA,NA,NA,0,0,0,0,0,0,0,0,0,0,0,0
1,1,1,2,2,2,2,2,2,2,2,2,"J0S063","Male","MA",2,7,3,2,4,"20",1,1,1,2,2,2,2,2,2,2,2,2,"J0S063","J0S063",1,1,2,1,2,2,2,2,2,2,2,2,1,0,0,0,0,0,0,0,0,0,0,0,0,1,1,0,0,1,1,1,1,1,1,1,1
1,1,1,1,1,1,2,2,2,2,2,2,"DDQ405","Female","MA",2,7,4,2,4,"30",NA,NA,NA,NA,NA,NA,NA,NA,NA,NA,NA,NA,NA,"DDQ405",1,1,1,1,1,2,2,2,2,2,2,2,1,NA,NA,NA,NA,NA,NA,NA,NA,NA,NA,NA,NA,0,0,0,0,0,0,0,0,0,0,0,0
1,2,2,2,2,2,2,2,2,2,2,2,"CQX992","Male","BSC",5,7,3,2,4,"60",1,1,1,1,1,2,2,2,2,2,2,2,"CQX992","CQX992",1,2,2,2,2,2,2,2,2,2,2,2,0,0,1,1,1,1,0,0,0,0,0,0,0,1,1,1,1,1,1,1,1,1,1,1,1
1,1,1,1,1,1,1,1,1,1,1,1,"VD8250","Male","MA",4,7,2,3,4,"7",1,2,2,2,2,2,2,2,2,2,2,2,"VD8250",NA,NA,NA,NA,NA,NA,NA,NA,NA,NA,NA,NA,NA,NA,0,-1,-1,-1,-1,-1,-1,-1,-1,-1,-1,-1,0,0,0,0,0,0,0,0,0,0,0,0
1,1,1,1,2,2,2,2,2,2,2,2,"C55401","Female","High School Graduation",4,8,2,3,3,"15",1,1,1,1,1,2,2,2,2,2,2,2,"C55401","C55401",1,1,1,1,2,2,2,2,2,2,2,2,1,0,0,0,0,1,0,0,0,0,0,0,0,1,1,1,1,0,1,1,1,1,1,1,1
1,1,1,1,1,1,1,1,1,1,1,1,"I82477","Female","High School Graduation",5,3,3,4,4,"7",NA,NA,NA,NA,NA,NA,NA,NA,NA,NA,NA,NA,NA,"I82477",1,1,1,1,1,1,1,1,1,1,1,1,1,NA,NA,NA,NA,NA,NA,NA,NA,NA,NA,NA,NA,0,0,0,0,0,0,0,0,0,0,0,0
1,2,2,2,2,2,2,2,2,2,2,2,"LHN254","Female","MA",5,7,2,2,4,"33",1,1,1,1,1,2,2,2,2,2,2,2,"LHN254","LHN254",1,1,1,2,2,2,2,2,2,2,2,2,1,0,1,1,1,1,0,0,0,0,0,0,0,1,1,1,0,0,1,1,1,1,1,1,1
1,1,1,2,2,2,2,2,2,2,2,2,"IDA126","Female","MA",4,8,3,4,4,"30",1,1,1,2,2,2,2,2,2,2,2,2,"IDA126","IDA126",1,2,2,2,2,2,2,2,2,2,2,2,1,0,0,0,0,0,0,0,0,0,0,0,0,1,0,0,1,1,1,1,1,1,1,1,1
1,1,1,2,2,2,2,2,2,2,2,2,"FCY173","Male","MA",2,7,3,4,5,"60",1,1,1,1,2,2,2,2,2,2,2,2,"FCY173",NA,NA,NA,NA,NA,NA,NA,NA,NA,NA,NA,NA,NA,NA,0,0,0,1,0,0,0,0,0,0,0,0,0,0,0,0,0,0,0,0,0,0,0,0
1,2,2,2,2,2,2,2,2,2,2,2,"JKP573","Male","MA",4,8,2,3,4,"40",1,2,2,2,2,2,2,2,2,2,2,2,"JKP573","JKP573",1,2,2,2,2,2,2,2,2,2,2,2,1,0,0,0,0,0,0,0,0,0,0,0,0,1,1,1,1,1,1,1,1,1,1,1,1
1,2,2,2,2,2,2,2,2,2,2,2,"BFE982","Male","MA",1,9,3,5,5,"30",NA,NA,NA,NA,NA,NA,NA,NA,NA,NA,NA,NA,NA,NA,NA,NA,NA,NA,NA,NA,NA,NA,NA,NA,NA,NA,NA,NA,NA,NA,NA,NA,NA,NA,NA,NA,NA,NA,NA,0,0,0,0,0,0,0,0,0,0,0,0
1,2,2,2,2,2,2,2,2,2,2,2,"G1O595","Male","MA",4,8,4,3,5,"365",1,2,2,2,2,2,2,2,2,2,2,2,"G1O595",NA,NA,NA,NA,NA,NA,NA,NA,NA,NA,NA,NA,NA,NA,0,0,0,0,0,0,0,0,0,0,0,0,0,0,0,0,0,0,0,0,0,0,0,0
1,2,2,2,2,2,2,2,2,2,2,2,"EX6406","Male","MA",4,8,3,4,4,"60",NA,NA,NA,NA,NA,NA,NA,NA,NA,NA,NA,NA,NA,NA,NA,NA,NA,NA,NA,NA,NA,NA,NA,NA,NA,NA,NA,NA,NA,NA,NA,NA,NA,NA,NA,NA,NA,NA,NA,0,0,0,0,0,0,0,0,0,0,0,0
1,1,1,2,2,2,2,2,2,2,2,2,"DYU797","Male","MA",5,7,4,3,4,"180",1,1,1,1,1,2,2,2,2,2,2,2,"DYU797","DYU797",1,1,1,2,2,2,2,2,2,2,2,2,0,0,0,0,1,1,0,0,0,0,0,0,0,1,1,1,1,1,1,1,1,1,1,1,1
1,2,2,2,2,2,2,2,2,2,2,2,"X9Q426","Female","MA",3,9,4,4,3,"30",1,1,2,2,2,2,2,2,2,2,2,2,"X9Q426",NA,NA,NA,NA,NA,NA,NA,NA,NA,NA,NA,NA,NA,NA,0,1,0,0,0,0,0,0,0,0,0,0,0,0,0,0,0,0,0,0,0,0,0,0
